Zone,1,Total
AnnualSum,1.4237416116457682e7,1.4237416116457682e7
t1,8975.57223735757,8975.57223735757
t2,8554.306534705885,8554.306534705885
t3,8302.713739316872,8302.713739316872
t4,8314.028694603718,8314.028694603718
t5,8688.643845064764,8688.643845064764
t6,9466.569570810454,9466.569570810454
t7,10273.310490427533,10273.310490427533
t8,10612.108993884216,10612.108993884216
t9,10715.380518172875,10715.380518172875
t10,10193.287429383596,10193.287429383596
t11,9869.412472768236,9869.412472768236
t12,9068.167872457085,9068.167872457085
t13,8582.097156256605,8582.097156256605
t14,8502.706379034413,8502.706379034413
t15,8823.296868602622,8823.296868602622
t16,8811.436016575351,8811.436016575351
t17,8953.331129281505,8953.331129281505
t18,9141.456850036871,9141.456850036871
t19,9225.334841226057,9225.334841226057
t20,9526.493331570286,9526.493331570286
t21,9706.829171737629,9706.829171737629
t22,9431.391517903134,9431.391517903134
t23,8323.285221002172,8323.285221002172
t24,7203.575477208393,7203.575477208393
t25,7203.575477208393,7203.575477208393
t26,7203.575477208393,7203.575477208393
t27,7203.575477208393,7203.575477208393
t28,7203.575477208393,7203.575477208393
t29,7203.575477208393,7203.575477208393
t30,7203.575477208393,7203.575477208393
t31,7998.472835213503,7998.472835213503
t32,8659.392953049648,8659.392953049648
t33,9253.890304381439,9253.890304381439
t34,9008.379755427599,9008.379755427599
t35,8828.39595957116,8828.39595957116
t36,9435.378533372479,9435.378533372479
t37,9369.008478464264,9369.008478464264
t38,9568.696825225745,9568.696825225745
t39,9851.408317707492,9851.408317707492
t40,9672.51848084296,9672.51848084296
t41,10000.103481376806,10000.103481376806
t42,9745.237103003177,9745.237103003177
t43,9076.662192581012,9076.662192581012
t44,8492.224504562058,8492.224504562058
t45,8574.74844040453,8574.74844040453
t46,8787.000628322674,8787.000628322674
t47,8346.691902790564,8346.691902790564
t48,8018.703678457419,8018.703678457419
t49,8236.34141418929,8236.34141418929
t50,8092.6301537851905,8092.6301537851905
t51,8191.472064944916,8191.472064944916
t52,7866.832414665489,7866.832414665489
t53,7476.082475919378,7476.082475919378
t54,7618.954185902714,7618.954185902714
t55,7999.615220509336,7999.615220509336
t56,8575.877908178292,8575.877908178292
t57,9357.203750395642,9357.203750395642
t58,9306.53292041587,9306.53292041587
t59,10313.697201458956,10313.697201458956
t60,10896.957978852413,10896.957978852413
t61,11447.588056225095,11447.588056225095
t62,12566.305029046134,12566.305029046134
t63,13555.226652704288,13555.226652704288
t64,14414.958572568245,14414.958572568245
t65,14504.040509842858,14504.040509842858
t66,14696.94336053809,14696.94336053809
t67,14690.203886402644,14690.203886402644
t68,14893.863296090225,14893.863296090225
t69,15478.313046690912,15478.313046690912
t70,13236.605346358952,13236.605346358952
t71,10167.402689464692,10167.402689464692
t72,8077.697024182325,8077.697024182325
t73,6894.195750992715,6894.195750992715
t74,6390.481847633373,6390.481847633373
t75,6390.481847633373,6390.481847633373
t76,6390.481847633373,6390.481847633373
t77,6390.481847633373,6390.481847633373
t78,6390.481847633373,6390.481847633373
t79,6390.481847633373,6390.481847633373
t80,6412.916017402197,6412.916017402197
t81,6615.467004843682,6615.467004843682
t82,6923.417961512038,6923.417961512038
t83,7177.654321991673,7177.654321991673
t84,7743.977764615551,7743.977764615551
t85,8403.019122157632,8403.019122157632
t86,9013.464998500884,9013.464998500884
t87,9636.17772200865,9636.17772200865
t88,10050.165948873164,10050.165948873164
t89,10634.1360808374,10634.1360808374
t90,10644.664820739234,10644.664820739234
t91,10078.028277219937,10078.028277219937
t92,9894.426542887446,9894.426542887446
t93,9991.59254847794,9991.59254847794
t94,9345.80159451391,9345.80159451391
t95,8067.590625633928,8067.590625633928
t96,6942.747915529897,6942.747915529897
t97,6390.481847633373,6390.481847633373
t98,6390.481847633373,6390.481847633373
t99,6390.481847633373,6390.481847633373
t100,6390.481847633373,6390.481847633373
t101,6390.481847633373,6390.481847633373
t102,6390.481847633373,6390.481847633373
t103,7123.503487420656,7123.503487420656
t104,7090.801773970012,7090.801773970012
t105,7201.935346692423,7201.935346692423
t106,7482.6487937452675,7482.6487937452675
t107,7836.825920277339,7836.825920277339
t108,8494.444669193705,8494.444669193705
t109,9042.797368800202,9042.797368800202
t110,9773.258057613644,9773.258057613644
t111,10563.432353827922,10563.432353827922
t112,10872.999107734306,10872.999107734306
t113,11581.70174539375,11581.70174539375
t114,11444.549827348346,11444.549827348346
t115,10778.956803796276,10778.956803796276
t116,10369.663923318501,10369.663923318501
t117,10617.57610857195,10617.57610857195
t118,10238.783431594424,10238.783431594424
t119,8876.756207517044,8876.756207517044
t120,7741.275285348675,7741.275285348675
t121,6991.495275619281,6991.495275619281
t122,6820.439936707953,6820.439936707953
t123,6820.439936707953,6820.439936707953
t124,6820.439936707953,6820.439936707953
t125,6820.439936707953,6820.439936707953
t126,6884.530861068311,6884.530861068311
t127,8072.363223119936,8072.363223119936
t128,9363.34783816032,9363.34783816032
t129,9911.92567711567,9911.92567711567
t130,10352.094491413904,10352.094491413904
t131,10011.54126750217,10011.54126750217
t132,10126.220612639601,10126.220612639601
t133,10429.551648904282,10429.551648904282
t134,11012.312329476868,11012.312329476868
t135,11604.611015474818,11604.611015474818
t136,11323.235381725477,11323.235381725477
t137,10293.369760114112,10293.369760114112
t138,10153.916324401918,10153.916324401918
t139,9971.587929217694,9971.587929217694
t140,9937.196209490588,9937.196209490588
t141,11006.80776100738,11006.80776100738
t142,11003.498505985197,11003.498505985197
t143,9821.609920458137,9821.609920458137
t144,9959.574353526335,9959.574353526335
t145,10082.912823015104,10082.912823015104
t146,9744.664766319673,9744.664766319673
t147,9652.228106125667,9652.228106125667
t148,9666.75006465214,9666.75006465214
t149,10298.244584550695,10298.244584550695
t150,10748.25172676991,10748.25172676991
t151,11364.24315253577,11364.24315253577
t152,11791.577649487763,11791.577649487763
t153,13276.130195471851,13276.130195471851
t154,12175.421356973211,12175.421356973211
t155,17652.377017292103,17652.377017292103
t156,13735.772520541736,13735.772520541736
t157,14459.36330538572,14459.36330538572
t158,16568.8707099333,16568.8707099333
t159,16365.652267178517,16365.652267178517
t160,16638.51931877803,16638.51931877803
t161,17151.46961919023,17151.46961919023
t162,17127.34990270093,17127.34990270093
t163,17135.0560925571,17135.0560925571
t164,16849.19069328072,16849.19069328072
t165,15263.125184803008,15263.125184803008
t166,13197.513412664135,13197.513412664135
t167,12464.347639976366,12464.347639976366
t168,10764.191844360961,10764.191844360961
t169,9620.612419033781,9620.612419033781
t170,8954.227516382038,8954.227516382038
t171,8954.227516382038,8954.227516382038
t172,8954.227516382038,8954.227516382038
t173,8954.227516382038,8954.227516382038
t174,8954.227516382038,8954.227516382038
t175,10204.90686495147,10204.90686495147
t176,10902.628929391954,10902.628929391954
t177,11505.76805211435,11505.76805211435
t178,11899.062515963444,11899.062515963444
t179,11941.318904385407,11941.318904385407
t180,12555.13036457349,12555.13036457349
t181,12447.277232101085,12447.277232101085
t182,12640.401572701196,12640.401572701196
t183,13595.08035152067,13595.08035152067
t184,14271.301646934675,14271.301646934675
t185,13872.643397311063,13872.643397311063
t186,13503.506962948903,13503.506962948903
t187,14179.124957954302,14179.124957954302
t188,14320.980943003327,14320.980943003327
t189,16500.718319862888,16500.718319862888
t190,16657.335119092775,16657.335119092775
t191,15886.196301912574,15886.196301912574
t192,13351.52594236899,13351.52594236899
t193,12067.83933266576,12067.83933266576
t194,11306.957296124714,11306.957296124714
t195,10956.216480759089,10956.216480759089
t196,10599.320134499474,10599.320134499474
t197,10189.300333764022,10189.300333764022
t198,10087.023137638444,10087.023137638444
t199,10943.255637185974,10943.255637185974
t200,11791.093451830056,11791.093451830056
t201,12374.089133382771,12374.089133382771
t202,12634.80540788124,12634.80540788124
t203,12763.49305279514,12763.49305279514
t204,12516.832020721838,12516.832020721838
t205,12516.370634243187,12516.370634243187
t206,13026.295725917678,13026.295725917678
t207,13417.137041828097,13417.137041828097
t208,14532.245484034042,14532.245484034042
t209,15198.129779732206,15198.129779732206
t210,14818.5345483988,14818.5345483988
t211,15758.865497858165,15758.865497858165
t212,16034.220413029087,16034.220413029087
t213,16835.259821236865,16835.259821236865
t214,16388.189856447396,16388.189856447396
t215,15700.770974473497,15700.770974473497
t216,13578.897213001763,13578.897213001763
t217,12846.892267710286,12846.892267710286
t218,12281.31675382636,12281.31675382636
t219,11650.582788879094,11650.582788879094
t220,11774.079118338392,11774.079118338392
t221,11794.93531376934,11794.93531376934
t222,12106.491605515563,12106.491605515563
t223,12727.4706511922,12727.4706511922
t224,12990.494214803759,12990.494214803759
t225,13405.792514676532,13405.792514676532
t226,14343.844957505813,14343.844957505813
t227,15359.505527134808,15359.505527134808
t228,14519.058764185056,14519.058764185056
t229,15021.96011626581,15021.96011626581
t230,14827.36826288402,14827.36826288402
t231,14299.210453143865,14299.210453143865
t232,14466.80916767015,14466.80916767015
t233,14549.28875371405,14549.28875371405
t234,14888.63128933566,14888.63128933566
t235,14509.563459429502,14509.563459429502
t236,15618.460694017243,15618.460694017243
t237,16465.13018199041,16465.13018199041
t238,15727.882532494745,15727.882532494745
t239,13855.51247068327,13855.51247068327
t240,12472.761146516756,12472.761146516756
t241,11574.56252153316,11574.56252153316
t242,11058.31790864451,11058.31790864451
t243,10617.822277518142,10617.822277518142
t244,10307.245790618068,10307.245790618068
t245,9892.62032432004,9892.62032432004
t246,9901.360459564672,9901.360459564672
t247,9875.803003042012,9875.803003042012
t248,9898.09188583244,9898.09188583244
t249,10042.333859113189,10042.333859113189
t250,10422.245593393192,10422.245593393192
t251,11110.785190484363,11110.785190484363
t252,11748.176545375747,11748.176545375747
t253,12024.28075911817,12024.28075911817
t254,12889.692085906901,12889.692085906901
t255,14245.369393071453,14245.369393071453
t256,15154.854347531755,15154.854347531755
t257,16040.16580931221,16040.16580931221
t258,15777.871770974616,15777.871770974616
t259,15278.067054101206,15278.067054101206
t260,14451.182073475271,14451.182073475271
t261,15066.091937558953,15066.091937558953
t262,12423.031492218244,12423.031492218244
t263,11002.574337537582,11002.574337537582
t264,9810.403239829157,9810.403239829157
t265,8762.809357822018,8762.809357822018
t266,8762.809357822018,8762.809357822018
t267,8762.809357822018,8762.809357822018
t268,8762.809357822018,8762.809357822018
t269,8762.809357822018,8762.809357822018
t270,8762.809357822018,8762.809357822018
t271,9567.250485031574,9567.250485031574
t272,10522.456794359616,10522.456794359616
t273,11678.740475719904,11678.740475719904
t274,12052.496833930698,12052.496833930698
t275,13095.084627109056,13095.084627109056
t276,14898.768783312637,14898.768783312637
t277,18021.709592206425,18021.709592206425
t278,20095.86023346643,20095.86023346643
t279,21485.5926817216,21485.5926817216
t280,22134.793996668697,22134.793996668697
t281,22524.88861234429,22524.88861234429
t282,22292.491122655916,22292.491122655916
t283,20886.245484730905,20886.245484730905
t284,19922.528882634517,19922.528882634517
t285,19092.39765541104,19092.39765541104
t286,16603.489835386536,16603.489835386536
t287,12812.457415514933,12812.457415514933
t288,10882.57997008663,10882.57997008663
t289,10037.392035072953,10037.392035072953
t290,9791.36483185435,9791.36483185435
t291,9791.36483185435,9791.36483185435
t292,9791.36483185435,9791.36483185435
t293,9791.36483185435,9791.36483185435
t294,9791.36483185435,9791.36483185435
t295,10902.28810162034,10902.28810162034
t296,11575.814114892673,11575.814114892673
t297,11967.73302009108,11967.73302009108
t298,12059.144207561112,12059.144207561112
t299,12781.178086417776,12781.178086417776
t300,12883.38467803217,12883.38467803217
t301,13055.4439518117,13055.4439518117
t302,13257.956327514656,13257.956327514656
t303,14385.761751637056,14385.761751637056
t304,16103.382288049854,16103.382288049854
t305,17449.867719015303,17449.867719015303
t306,17728.10870428407,17728.10870428407
t307,18107.220482493136,18107.220482493136
t308,18673.07774997313,18673.07774997313
t309,20666.791733406524,20666.791733406524
t310,20298.851701679563,20298.851701679563
t311,18010.008887666372,18010.008887666372
t312,13917.304762058955,13917.304762058955
t313,12014.97363210094,12014.97363210094
t314,11064.60345965211,11064.60345965211
t315,10734.666296290474,10734.666296290474
t316,10508.47196068633,10508.47196068633
t317,10490.828683640442,10490.828683640442
t318,10994.869303292937,10994.869303292937
t319,11640.17165687051,11640.17165687051
t320,12095.530125044195,12095.530125044195
t321,12030.908438052124,12030.908438052124
t322,11553.856047038236,11553.856047038236
t323,11647.876976235879,11647.876976235879
t324,12359.79043446144,12359.79043446144
t325,13097.063961743359,13097.063961743359
t326,13923.108845118495,13923.108845118495
t327,15504.996772286971,15504.996772286971
t328,17012.93998851899,17012.93998851899
t329,17423.2414171075,17423.2414171075
t330,17888.16476503583,17888.16476503583
t331,17482.02786389387,17482.02786389387
t332,17308.578651688815,17308.578651688815
t333,17597.178213537787,17597.178213537787
t334,14787.860556481553,14787.860556481553
t335,11720.790408735451,11720.790408735451
t336,9749.991657807635,9749.991657807635
t337,9679.139964027616,9679.139964027616
t338,9679.139964027616,9679.139964027616
t339,9679.139964027616,9679.139964027616
t340,9679.139964027616,9679.139964027616
t341,9679.139964027616,9679.139964027616
t342,9851.903539404124,9851.903539404124
t343,10636.206645659408,10636.206645659408
t344,11490.718956898592,11490.718956898592
t345,12123.4087861489,12123.4087861489
t346,12521.584604721578,12521.584604721578
t347,13073.320222845241,13073.320222845241
t348,13745.414170233249,13745.414170233249
t349,15327.920657544762,15327.920657544762
t350,18415.15758332374,18415.15758332374
t351,19378.366795925544,19378.366795925544
t352,19811.797120021623,19811.797120021623
t353,20398.500434587637,20398.500434587637
t354,20719.070657699674,20719.070657699674
t355,19960.501461439377,19960.501461439377
t356,19205.63510425327,19205.63510425327
t357,19406.98808122333,19406.98808122333
t358,16410.593630689124,16410.593630689124
t359,11686.627879099502,11686.627879099502
t360,9722.296525565702,9722.296525565702
t361,8374.473577129793,8374.473577129793
t362,7673.1499716714225,7673.1499716714225
t363,7673.1499716714225,7673.1499716714225
t364,7673.1499716714225,7673.1499716714225
t365,7673.1499716714225,7673.1499716714225
t366,7714.684343192013,7714.684343192013
t367,8590.778671426751,8590.778671426751
t368,9018.12037918052,9018.12037918052
t369,9835.32028846285,9835.32028846285
t370,10641.365802687207,10641.365802687207
t371,10735.310803974295,10735.310803974295
t372,11480.44262805409,11480.44262805409
t373,12661.354052965617,12661.354052965617
t374,13295.793768667618,13295.793768667618
t375,13295.793768667618,13295.793768667618
t376,13742.448480433322,13742.448480433322
t377,14020.017588767398,14020.017588767398
t378,13715.969768410961,13715.969768410961
t379,12757.371389949396,12757.371389949396
t380,11432.010282039917,11432.010282039917
t381,10825.49201411348,10825.49201411348
t382,10294.24561705885,10294.24561705885
t383,8984.752728829022,8984.752728829022
t384,8234.08940573359,8234.08940573359
t385,7335.767381370271,7335.767381370271
t386,7299.497725288847,7299.497725288847
t387,7299.497725288847,7299.497725288847
t388,7299.497725288847,7299.497725288847
t389,7299.497725288847,7299.497725288847
t390,7299.497725288847,7299.497725288847
t391,7299.497725288847,7299.497725288847
t392,7299.497725288847,7299.497725288847
t393,7299.497725288847,7299.497725288847
t394,7580.672425390149,7580.672425390149
t395,8153.166497089215,8153.166497089215
t396,9003.600377680159,9003.600377680159
t397,9702.602964010692,9702.602964010692
t398,10742.640261768362,10742.640261768362
t399,11415.689876613345,11415.689876613345
t400,11868.95229914518,11868.95229914518
t401,12479.331817500411,12479.331817500411
t402,12217.980160040412,12217.980160040412
t403,11909.438841482088,11909.438841482088
t404,11554.412206846091,11554.412206846091
t405,11227.239800496474,11227.239800496474
t406,10686.021789142887,10686.021789142887
t407,9866.573617467828,9866.573617467828
t408,9166.788895303987,9166.788895303987
t409,8201.364471900135,8201.364471900135
t410,7606.857870461015,7606.857870461015
t411,7452.751941489022,7452.751941489022
t412,7452.751941489022,7452.751941489022
t413,7452.751941489022,7452.751941489022
t414,7526.538365658326,7526.538365658326
t415,8110.537279971459,8110.537279971459
t416,8313.423267368084,8313.423267368084
t417,8704.675227901005,8704.675227901005
t418,8722.126067553505,8722.126067553505
t419,9434.981144762896,9434.981144762896
t420,10492.134054903016,10492.134054903016
t421,11988.563607985245,11988.563607985245
t422,13979.870392060144,13979.870392060144
t423,15784.772263622817,15784.772263622817
t424,16891.256700718775,16891.256700718775
t425,16999.776531786116,16999.776531786116
t426,16965.229622348343,16965.229622348343
t427,16776.760492549223,16776.760492549223
t428,16556.623331192095,16556.623331192095
t429,16530.112022891735,16530.112022891735
t430,14856.689922829013,14856.689922829013
t431,11967.80483498109,11967.80483498109
t432,10020.481359428091,10020.481359428091
t433,8768.558073016111,8768.558073016111
t434,8768.558073016111,8768.558073016111
t435,8768.558073016111,8768.558073016111
t436,8768.558073016111,8768.558073016111
t437,9338.664954824408,9338.664954824408
t438,10111.49973295022,10111.49973295022
t439,11448.458911251962,11448.458911251962
t440,12792.065779421006,12792.065779421006
t441,13168.858128854112,13168.858128854112
t442,13481.810697336043,13481.810697336043
t443,14245.120651719157,14245.120651719157
t444,14669.542630204041,14669.542630204041
t445,15162.318105181475,15162.318105181475
t446,15424.870724663042,15424.870724663042
t447,15522.420896153719,15522.420896153719
t448,15928.551888891587,15928.551888891587
t449,16353.715820368934,16353.715820368934
t450,15851.476545082258,15851.476545082258
t451,15479.725723469133,15479.725723469133
t452,14798.65176098218,14798.65176098218
t453,15337.417749263097,15337.417749263097
t454,14467.862711080326,14467.862711080326
t455,12907.706168576953,12907.706168576953
t456,12084.810522788468,12084.810522788468
t457,11619.482197210773,11619.482197210773
t458,11700.336944098732,11700.336944098732
t459,11613.353366978883,11613.353366978883
t460,11814.167973236245,11814.167973236245
t461,11733.586747975383,11733.586747975383
t462,11909.088031231102,11909.088031231102
t463,12234.066059884632,12234.066059884632
t464,12989.746530197246,12989.746530197246
t465,12902.847556364844,12902.847556364844
t466,12644.389176658004,12644.389176658004
t467,12234.066059884632,12234.066059884632
t468,12724.86452329856,12724.86452329856
t469,13242.176041895695,13242.176041895695
t470,14098.481067603552,14098.481067603552
t471,14417.789769080271,14417.789769080271
t472,14904.058143586395,14904.058143586395
t473,14159.756832858076,14159.756832858076
t474,13534.950166724982,13534.950166724982
t475,12504.86996042469,12504.86996042469
t476,11419.631560846934,11419.631560846934
t477,11279.901430951784,11279.901430951784
t478,10228.079828652519,10228.079828652519
t479,9311.150620196067,9311.150620196067
t480,8842.003755922973,8842.003755922973
t481,8131.688611409875,8131.688611409875
t482,8118.880610520265,8118.880610520265
t483,8172.2489700127335,8172.2489700127335
t484,8113.257471242112,8113.257471242112
t485,8113.257471242112,8113.257471242112
t486,8508.645462409586,8508.645462409586
t487,9365.180757654092,9365.180757654092
t488,9883.640104987579,9883.640104987579
t489,10416.776578413313,10416.776578413313
t490,10729.92892486496,10729.92892486496
t491,11000.831300809112,11000.831300809112
t492,10885.274428484485,10885.274428484485
t493,10808.88829031439,10808.88829031439
t494,11097.648737635554,11097.648737635554
t495,11365.236838416453,11365.236838416453
t496,12190.725537326285,12190.725537326285
t497,13010.846422346662,13010.846422346662
t498,13391.644974792309,13391.644974792309
t499,13444.070062399187,13444.070062399187
t500,13918.615025165342,13918.615025165342
t501,15280.647240974133,15280.647240974133
t502,14876.316710943252,14876.316710943252
t503,13414.019686498032,13414.019686498032
t504,11728.618361572602,11728.618361572602
t505,10778.40571963721,10778.40571963721
t506,10595.431029806065,10595.431029806065
t507,10407.535476794224,10407.535476794224
t508,10427.824540660813,10427.824540660813
t509,10561.373908417709,10561.373908417709
t510,10983.6391851196,10983.6391851196
t511,12213.718346220583,12213.718346220583
t512,12981.003196857728,12981.003196857728
t513,13255.141492268931,13255.141492268931
t514,12839.049975769394,12839.049975769394
t515,13248.213625509428,13248.213625509428
t516,13409.975386600943,13409.975386600943
t517,13844.135838436778,13844.135838436778
t518,14282.683184604784,14282.683184604784
t519,14440.606296360758,14440.606296360758
t520,14610.01430306417,14610.01430306417
t521,14976.251543538341,14976.251543538341
t522,14885.51111738569,14885.51111738569
t523,14364.94670697349,14364.94670697349
t524,13727.403504414775,13727.403504414775
t525,14644.584320129974,14644.584320129974
t526,13100.750648508463,13100.750648508463
t527,11069.001759339231,11069.001759339231
t528,9305.226883452617,9305.226883452617
t529,8134.895262573121,8134.895262573121
t530,7476.2371064353765,7476.2371064353765
t531,7297.870582913193,7297.870582913193
t532,7297.870582913193,7297.870582913193
t533,7455.002299111438,7455.002299111438
t534,8262.124514339672,8262.124514339672
t535,8995.18309469075,8995.18309469075
t536,9950.166275145539,9950.166275145539
t537,10092.47847369379,10092.47847369379
t538,9551.993683684212,9551.993683684212
t539,9015.201779333598,9015.201779333598
t540,9460.947285414417,9460.947285414417
t541,10021.667097792604,10021.667097792604
t542,10694.483517122439,10694.483517122439
t543,11350.70271422581,11350.70271422581
t544,11448.67033062375,11448.67033062375
t545,11571.394695229854,11571.394695229854
t546,11350.70271422581,11350.70271422581
t547,10516.823654446926,10516.823654446926
t548,9552.77880146077,9552.77880146077
t549,9264.992201859879,9264.992201859879
t550,9310.194414715152,9310.194414715152
t551,7905.690814306892,7905.690814306892
t552,7359.19847899121,7359.19847899121
t553,6991.362150512842,6991.362150512842
t554,6991.362150512842,6991.362150512842
t555,6991.362150512842,6991.362150512842
t556,6991.362150512842,6991.362150512842
t557,6991.362150512842,6991.362150512842
t558,6991.362150512842,6991.362150512842
t559,7020.5244208976355,7020.5244208976355
t560,7069.512050347923,7069.512050347923
t561,7666.492308708003,7666.492308708003
t562,7608.664881950296,7608.664881950296
t563,7951.493251953051,7951.493251953051
t564,8361.773261815639,8361.773261815639
t565,8994.307209432536,8994.307209432536
t566,9553.188778097061,9553.188778097061
t567,10100.17241016449,10100.17241016449
t568,10818.955982682764,10818.955982682764
t569,9933.072760407504,9933.072760407504
t570,9746.518384010522,9746.518384010522
t571,9376.190960901278,9376.190960901278
t572,9211.35543441828,9211.35543441828
t573,9325.71620642962,9325.71620642962
t574,9246.485742820481,9246.485742820481
t575,9273.035308056487,9273.035308056487
t576,8524.902910792574,8524.902910792574
t577,8332.932406489883,8332.932406489883
t578,7963.068860742177,7963.068860742177
t579,7941.910066784495,7941.910066784495
t580,8156.883355117776,8156.883355117776
t581,8629.348832677771,8629.348832677771
t582,9281.372391425735,9281.372391425735
t583,9995.39220770951,9995.39220770951
t584,10769.613682367873,10769.613682367873
t585,10912.803101166824,10912.803101166824
t586,10847.698699103506,10847.698699103506
t587,11327.98822377582,11327.98822377582
t588,11146.10662631174,11146.10662631174
t589,11634.016224506791,11634.016224506791
t590,11698.90612117962,11698.90612117962
t591,12251.052828132708,12251.052828132708
t592,12555.610784373792,12555.610784373792
t593,13199.279598974006,13199.279598974006
t594,12682.754620536101,12682.754620536101
t595,12033.579085779274,12033.579085779274
t596,10673.473021540358,10673.473021540358
t597,10893.244438005291,10893.244438005291
t598,10422.469361570475,10422.469361570475
t599,9138.764040905507,9138.764040905507
t600,7992.251482822929,7992.251482822929
t601,7440.745396283823,7440.745396283823
t602,7440.745396283823,7440.745396283823
t603,7440.745396283823,7440.745396283823
t604,7912.472774715031,7912.472774715031
t605,8389.032423082392,8389.032423082392
t606,9172.208507261852,9172.208507261852
t607,10585.087109641858,10585.087109641858
t608,11286.90827142183,11286.90827142183
t609,11726.522469137599,11726.522469137599
t610,10785.352398802403,10785.352398802403
t611,11410.415971730188,11410.415971730188
t612,12856.803262932346,12856.803262932346
t613,13495.403077463623,13495.403077463623
t614,14571.606460758045,14571.606460758045
t615,14892.930789796681,14892.930789796681
t616,14913.906451466179,14913.906451466179
t617,14341.699111392692,14341.699111392692
t618,14113.854954143606,14113.854954143606
t619,13259.513663910066,13259.513663910066
t620,11677.940594620102,11677.940594620102
t621,12021.637088640135,12021.637088640135
t622,11861.89523679113,11861.89523679113
t623,10416.34379849939,10416.34379849939
t624,9192.50460931301,9192.50460931301
t625,8071.5502223060985,8071.5502223060985
t626,8071.5502223060985,8071.5502223060985
t627,8071.5502223060985,8071.5502223060985
t628,8855.288117961709,8855.288117961709
t629,9323.47350871808,9323.47350871808
t630,9188.627429045619,9188.627429045619
t631,9791.141814908506,9791.141814908506
t632,9820.080714300237,9820.080714300237
t633,9452.150348129131,9452.150348129131
t634,9543.213559205691,9543.213559205691
t635,10092.172606534,10092.172606534
t636,11074.340323485272,11074.340323485272
t637,11718.447026584003,11718.447026584003
t638,11959.29283523314,11959.29283523314
t639,12622.98477005891,12622.98477005891
t640,13165.545885466141,13165.545885466141
t641,13917.269105770141,13917.269105770141
t642,14115.772397263754,14115.772397263754
t643,14029.246648293574,14029.246648293574
t644,14029.246648293574,14029.246648293574
t645,14152.852492040838,14152.852492040838
t646,14303.193089939374,14303.193089939374
t647,12838.659340655633,12838.659340655633
t648,11507.802819350816,11507.802819350816
t649,10501.729625194817,10501.729625194817
t650,9958.236366512147,9958.236366512147
t651,9546.13657704372,9546.13657704372
t652,9654.887739490012,9654.887739490012
t653,9738.028806950446,9738.028806950446
t654,10594.607523581786,10594.607523581786
t655,11387.359821216358,11387.359821216358
t656,12293.871692323779,12293.871692323779
t657,12470.964052472506,12470.964052472506
t658,11364.127895424714,11364.127895424714
t659,11503.985778214203,11503.985778214203
t660,11900.306669547075,11900.306669547075
t661,12570.396985262707,12570.396985262707
t662,13557.124981636749,13557.124981636749
t663,13572.460006700741,13572.460006700741
t664,13947.897938560687,13947.897938560687
t665,14602.095670171406,14602.095670171406
t666,15122.660080583606,15122.660080583606
t667,14109.431776318848,14109.431776318848
t668,13449.19691860719,13449.19691860719
t669,14200.92013891119,14200.92013891119
t670,13954.973073140687,13954.973073140687
t671,12837.800515051958,12837.800515051958
t672,11770.488240097678,11770.488240097678
t673,10924.49747213221,10924.49747213221
t674,10924.49747213221,10924.49747213221
t675,10924.49747213221,10924.49747213221
t676,10695.089949310017,10695.089949310017
t677,10924.49747213221,10924.49747213221
t678,11260.601985257275,11260.601985257275
t679,12192.358810948619,12192.358810948619
t680,12213.992420957156,12213.992420957156
t681,12259.856664856843,12259.856664856843
t682,12861.732880717804,12861.732880717804
t683,12865.606370833852,12865.606370833852
t684,13340.338819248305,13340.338819248305
t685,14154.086033767173,14154.086033767173
t686,14651.303889022776,14651.303889022776
t687,14983.776755538238,14983.776755538238
t688,14736.963131199333,14736.963131199333
t689,14922.70238618889,14922.70238618889
t690,14876.39149363594,14876.39149363594
t691,14104.583782279506,14104.583782279506
t692,13542.919715716474,13542.919715716474
t693,14033.088166678097,14033.088166678097
t694,13088.523210540856,13088.523210540856
t695,10713.167712875604,10713.167712875604
t696,9234.01792111949,9234.01792111949
t697,8206.35243795243,8206.35243795243
t698,8016.744084857878,8016.744084857878
t699,8016.744084857878,8016.744084857878
t700,8016.744084857878,8016.744084857878
t701,8016.744084857878,8016.744084857878
t702,8075.95685382406,8075.95685382406
t703,9176.44847204163,9176.44847204163
t704,9544.516665109817,9544.516665109817
t705,10039.448537323091,10039.448537323091
t706,10490.168482259043,10490.168482259043
t707,11322.184032569608,11322.184032569608
t708,12209.575841121112,12209.575841121112
t709,13311.517853709354,13311.517853709354
t710,13965.808036035745,13965.808036035745
t711,14181.73804726951,14181.73804726951
t712,14702.993958650093,14702.993958650093
t713,14628.174878245349,14628.174878245349
t714,14677.456636135525,14677.456636135525
t715,14167.559417203669,14167.559417203669
t716,12638.419405511404,12638.419405511404
t717,12083.233921674388,12083.233921674388
t718,11586.76072355141,11586.76072355141
t719,10709.173551356236,10709.173551356236
t720,9731.249545733985,9731.249545733985
t721,9038.928492567926,9038.928492567926
t722,8724.371532678279,8724.371532678279
t723,8435.581480123921,8435.581480123921
t724,8480.489714377887,8480.489714377887
t725,8535.672906114713,8535.672906114713
t726,9168.05789981816,9168.05789981816
t727,9849.380085482733,9849.380085482733
t728,10334.962988846974,10334.962988846974
t729,11337.901317648577,11337.901317648577
t730,12023.685011235279,12023.685011235279
t731,12196.506665524354,12196.506665524354
t732,12896.981262626186,12896.981262626186
t733,13544.280290499017,13544.280290499017
t734,13254.030023410778,13254.030023410778
t735,13119.99381670362,13119.99381670362
t736,13059.67625973934,13059.67625973934
t737,12209.9854230374,12209.9854230374
t738,10556.775066229015,10556.775066229015
t739,9737.372940005973,9737.372940005973
t740,9154.811892087955,9154.811892087955
t741,9620.81279396502,9620.81279396502
t742,10117.877300525897,10117.877300525897
t743,9441.290225086854,9441.290225086854
t744,9287.694092606387,9287.694092606387
t745,9205.56693166624,9205.56693166624
t746,8968.947610462445,8968.947610462445
t747,7958.833117302328,7958.833117302328
t748,7565.501169914828,7565.501169914828
t749,7557.654603798247,7557.654603798247
t750,7653.189455801036,7653.189455801036
t751,8147.104463524238,8147.104463524238
t752,8654.202669808534,8654.202669808534
t753,8796.35794490636,8796.35794490636
t754,9106.796948201825,9106.796948201825
t755,9233.485311652352,9233.485311652352
t756,9903.607924836548,9903.607924836548
t757,10577.58614287455,10577.58614287455
t758,10570.869585028604,10570.869585028604
t759,10379.209472740617,10379.209472740617
t760,10229.774652506787,10229.774652506787
t761,10482.858479557763,10482.858479557763
t762,10030.272550177971,10030.272550177971
t763,9519.166220229019,9519.166220229019
t764,9222.829329467533,9222.829329467533
t765,9377.188745950018,9377.188745950018
t766,9417.614121807379,9417.614121807379
t767,8923.30572240507,8923.30572240507
t768,7878.847031285648,7878.847031285648
t769,7452.751941489022,7452.751941489022
t770,7452.751941489022,7452.751941489022
t771,7452.751941489022,7452.751941489022
t772,7452.751941489022,7452.751941489022
t773,8075.939488650251,8075.939488650251
t774,8745.936714990805,8745.936714990805
t775,10184.479455784902,10184.479455784902
t776,11345.366276909297,11345.366276909297
t777,12301.547837586078,12301.547837586078
t778,12649.42584769325,12649.42584769325
t779,12501.57958964268,12501.57958964268
t780,12159.403779624432,12159.403779624432
t781,12978.382963511602,12978.382963511602
t782,13187.039767137314,13187.039767137314
t783,13514.985909602441,13514.985909602441
t784,14035.550320014641,14035.550320014641
t785,13558.355815264249,13558.355815264249
t786,12929.652423505953,12929.652423505953
t787,11534.29359388289,11534.29359388289
t788,10424.586488647958,10424.586488647958
t789,10584.915472012151,10584.915472012151
t790,10688.892634108575,10688.892634108575
t791,9654.975342725567,9654.975342725567
t792,9017.284414929512,9017.284414929512
t793,9091.530098545642,9091.530098545642
t794,8712.970342069506,8712.970342069506
t795,8641.845006089088,8641.845006089088
t796,8643.0823682122,8643.0823682122
t797,9469.428921418144,9469.428921418144
t798,9951.132861677743,9951.132861677743
t799,11060.535957212065,11060.535957212065
t800,12747.774738000702,12747.774738000702
t801,12885.754368948394,12885.754368948394
t802,13480.196214347778,13480.196214347778
t803,12807.452059531133,12807.452059531133
t804,12522.632036303363,12522.632036303363
t805,13139.125448196144,13139.125448196144
t806,13782.137716169646,13782.137716169646
t807,14407.191964179463,14407.191964179463
t808,15961.98704783365,15961.98704783365
t809,20491.979381719197,20491.979381719197
t810,18429.800640996604,18429.800640996604
t811,17022.74593808402,17022.74593808402
t812,15335.099745510362,15335.099745510362
t813,15030.677975354836,15030.677975354836
t814,14026.459486820379,14026.459486820379
t815,12294.196222661194,12294.196222661194
t816,11579.782633886256,11579.782633886256
t817,10647.799268636005,10647.799268636005
t818,9255.19527117176,9255.19527117176
t819,9054.436817578999,9054.436817578999
t820,9054.436817578999,9054.436817578999
t821,9054.436817578999,9054.436817578999
t822,9627.786430419552,9627.786430419552
t823,10306.360103990979,10306.360103990979
t824,11125.98134459275,11125.98134459275
t825,11789.692798606779,11789.692798606779
t826,12088.165292985104,12088.165292985104
t827,12911.163321408694,12911.163321408694
t828,14636.295906735473,14636.295906735473
t829,16417.239727558084,16417.239727558084
t830,17736.109528090958,17736.109528090958
t831,18288.693406553073,18288.693406553073
t832,18482.550642600127,18482.550642600127
t833,18228.600945579074,18228.600945579074
t834,18088.61296473369,18088.61296473369
t835,17449.25523103539,17449.25523103539
t836,15716.304598988725,15716.304598988725
t837,15135.702785057185,15135.702785057185
t838,14030.370419861545,14030.370419861545
t839,12358.98636313924,12358.98636313924
t840,11018.595637902521,11018.595637902521
t841,10197.033105580478,10197.033105580478
t842,9535.274614981025,9535.274614981025
t843,9584.90766760667,9584.90766760667
t844,9663.082591253115,9663.082591253115
t845,9093.37356995193,9093.37356995193
t846,9724.765893088877,9724.765893088877
t847,10548.783935107384,10548.783935107384
t848,11687.475401350208,11687.475401350208
t849,11732.932561671794,11732.932561671794
t850,11173.259573385925,11173.259573385925
t851,11946.768587920973,11946.768587920973
t852,13312.04277675965,13312.04277675965
t853,16217.567365800958,16217.567365800958
t854,19112.91346448223,19112.91346448223
t855,21519.52443284471,21519.52443284471
t856,22420.29019924269,22420.29019924269
t857,23575.062329125518,23575.062329125518
t858,23651.832183490318,23651.832183490318
t859,22334.227124474004,22334.227124474004
t860,21284.6555218535,21284.6555218535
t861,20204.720688677975,20204.720688677975
t862,18007.680821171096,18007.680821171096
t863,15348.28487250786,15348.28487250786
t864,12609.300698091367,12609.300698091367
t865,11823.594262222909,11823.594262222909
t866,12161.037207627322,12161.037207627322
t867,11980.446568396275,11980.446568396275
t868,11659.09449952725,11659.09449952725
t869,11749.668206306102,11749.668206306102
t870,11986.326197233346,11986.326197233346
t871,12538.509670912053,12538.509670912053
t872,12991.863398112717,12991.863398112717
t873,12673.294140295393,12673.294140295393
t874,13550.634414469021,13550.634414469021
t875,14221.12913351469,14221.12913351469
t876,14947.279453035479,14947.279453035479
t877,15699.002673339479,15699.002673339479
t878,16423.53527905701,16423.53527905701
t879,16412.26119519112,16412.26119519112
t880,15642.532551959974,15642.532551959974
t881,15767.614226480524,15767.614226480524
t882,15015.891006176524,15015.891006176524
t883,14167.067747999658,14167.067747999658
t884,13413.406116054772,13413.406116054772
t885,14673.456546196496,14673.456546196496
t886,14948.525283089579,14948.525283089579
t887,14353.987307806474,14353.987307806474
t888,12408.438653610765,12408.438653610765
t889,11463.744363680016,11463.744363680016
t890,10605.700264001614,10605.700264001614
t891,9967.834978133933,9967.834978133933
t892,9824.47456109882,9824.47456109882
t893,10128.088205773325,10128.088205773325
t894,11077.122707179213,11077.122707179213
t895,11568.754750796488,11568.754750796488
t896,12065.67238467732,12065.67238467732
t897,12295.068462917268,12295.068462917268
t898,12188.567827337876,12188.567827337876
t899,13535.295085943659,13535.295085943659
t900,14644.344932261532,14644.344932261532
t901,14819.503823284154,14819.503823284154
t902,16748.213888423143,16748.213888423143
t903,18447.49804627928,18447.49804627928
t904,19293.436185839208,19293.436185839208
t905,19444.937256124864,19444.937256124864
t906,18911.183651902575,18911.183651902575
t907,17242.161815546333,17242.161815546333
t908,15788.64371110635,15788.64371110635
t909,16643.1590579329,16643.1590579329
t910,16480.921524829122,16480.921524829122
t911,14009.029265214824,14009.029265214824
t912,11780.643402880736,11780.643402880736
t913,10450.32134728114,10450.32134728114
t914,9814.166459072474,9814.166459072474
t915,9681.410091340942,9681.410091340942
t916,9589.231730040505,9589.231730040505
t917,10103.755767689941,10103.755767689941
t918,10235.70487063033,10235.70487063033
t919,10390.371286554775,10390.371286554775
t920,10956.475681846201,10956.475681846201
t921,12234.194211111244,12234.194211111244
t922,12977.731887565911,12977.731887565911
t923,13435.782821467226,13435.782821467226
t924,13094.312688468617,13094.312688468617
t925,12702.185547200526,12702.185547200526
t926,12012.965990867215,12012.965990867215
t927,11849.428512923689,11849.428512923689
t928,11841.224951384307,11841.224951384307
t929,11615.366045088294,11615.366045088294
t930,11526.023404762704,11526.023404762704
t931,10562.155490752484,10562.155490752484
t932,10671.698118602504,10671.698118602504
t933,10831.990338953728,10831.990338953728
t934,11027.107079261667,11027.107079261667
t935,9947.355690096525,9947.355690096525
t936,9491.136022127142,9491.136022127142
t937,8504.830891663683,8504.830891663683
t938,8386.476688867631,8386.476688867631
t939,8386.476688867631,8386.476688867631
t940,8386.476688867631,8386.476688867631
t941,8932.859392795666,8932.859392795666
t942,9638.399975279613,9638.399975279613
t943,9979.607562271101,9979.607562271101
t944,10429.515788649434,10429.515788649434
t945,10749.97714031449,10749.97714031449
t946,10949.395708812259,10949.395708812259
t947,11735.273863020124,11735.273863020124
t948,13390.711112368424,13390.711112368424
t949,13358.734540494075,13358.734540494075
t950,13505.500441510538,13505.500441510538
t951,14599.812964900593,14599.812964900593
t952,15919.207325914607,15919.207325914607
t953,15155.269428073982,15155.269428073982
t954,15811.793420682228,15811.793420682228
t955,16070.244242286804,16070.244242286804
t956,16171.077062849385,16171.077062849385
t957,16342.226888678586,16342.226888678586
t958,16742.566597091558,16742.566597091558
t959,15956.014550674778,15956.014550674778
t960,14017.92844439931,14017.92844439931
t961,13137.88271933678,13137.88271933678
t962,12884.618804776508,12884.618804776508
t963,12633.128311918907,12633.128311918907
t964,12585.64545926829,12585.64545926829
t965,12884.618804776508,12884.618804776508
t966,12884.618804776508,12884.618804776508
t967,13527.65935984901,13527.65935984901
t968,13882.627487810707,13882.627487810707
t969,14320.423845280373,14320.423845280373
t970,14632.61730665178,14632.61730665178
t971,15794.007240971017,15794.007240971017
t972,16953.26442337924,16953.26442337924
t973,17096.075356017645,17096.075356017645
t974,17942.477540005348,17942.477540005348
t975,18869.11645986696,18869.11645986696
t976,19339.443984029043,19339.443984029043
t977,20059.591708875025,20059.591708875025
t978,20350.504112216106,20350.504112216106
t979,20233.62396981355,20233.62396981355
t980,21958.034774224856,21958.034774224856
t981,21358.64271610571,21358.64271610571
t982,20533.33041228706,20533.33041228706
t983,18407.520960967016,18407.520960967016
t984,16240.908208250874,16240.908208250874
t985,14361.744249543159,14361.744249543159
t986,13243.458274178485,13243.458274178485
t987,12622.739796607462,12622.739796607462
t988,12389.76813517005,12389.76813517005
t989,12366.428800792182,12366.428800792182
t990,12949.546535329171,12949.546535329171
t991,13963.049924148268,13963.049924148268
t992,14659.661182648384,14659.661182648384
t993,14804.456619268949,14804.456619268949
t994,15804.162046101188,15804.162046101188
t995,17316.28213930926,17316.28213930926
t996,18610.26639676707,18610.26639676707
t997,20189.08292177476,20189.08292177476
t998,21976.567445514345,21976.567445514345
t999,22965.25948038778,22965.25948038778
t1000,23471.721470123408,23471.721470123408
t1001,24111.207879813217,24111.207879813217
t1002,23416.257752218724,23416.257752218724
t1003,23127.300571234704,23127.300571234704
t1004,21918.485561643694,21918.485561643694
t1005,20686.910290880187,20686.910290880187
t1006,19204.909221554888,19204.909221554888
t1007,17403.097133168303,17403.097133168303
t1008,14901.800785128293,14901.800785128293
t1009,13082.452872799822,13082.452872799822
t1010,12167.821045142604,12167.821045142604
t1011,11869.074886583889,11869.074886583889
t1012,11072.614616241432,11072.614616241432
t1013,11366.24707768344,11366.24707768344
t1014,12407.29590853202,12407.29590853202
t1015,13276.861037739918,13276.861037739918
t1016,14493.509952024599,14493.509952024599
t1017,15702.733926305256,15702.733926305256
t1018,16332.47521056392,16332.47521056392
t1019,17000.27722552004,17000.27722552004
t1020,18189.208580816725,18189.208580816725
t1021,18409.493205476974,18409.493205476974
t1022,18770.043821270803,18770.043821270803
t1023,18464.418681819727,18464.418681819727
t1024,18552.403407903075,18552.403407903075
t1025,18470.077253026895,18470.077253026895
t1026,17418.20577938613,17418.20577938613
t1027,16580.230264961934,16580.230264961934
t1028,16512.72628313181,16512.72628313181
t1029,17012.438635316175,17012.438635316175
t1030,16228.757247356247,16228.757247356247
t1031,14252.20869806037,14252.20869806037
t1032,12861.79690387318,12861.79690387318
t1033,12434.08431441197,12434.08431441197
t1034,12047.11242335753,12047.11242335753
t1035,11826.074177121287,11826.074177121287
t1036,12188.756199043923,12188.756199043923
t1037,12503.163552091932,12503.163552091932
t1038,13365.972317626656,13365.972317626656
t1039,14090.998194226924,14090.998194226924
t1040,15177.553039297236,15177.553039297236
t1041,15419.732162895796,15419.732162895796
t1042,15642.806631226,15642.806631226
t1043,16260.647065651598,16260.647065651598
t1044,16967.142926723307,16967.142926723307
t1045,17513.351796854866,17513.351796854866
t1046,18153.418975394405,18153.418975394405
t1047,18576.360272100817,18576.360272100817
t1048,18893.674895735872,18893.674895735872
t1049,18985.684365965884,18985.684365965884
t1050,18800.897325082646,18800.897325082646
t1051,18280.87659576164,18280.87659576164
t1052,17377.00911515112,17377.00911515112
t1053,18073.911916411453,18073.911916411453
t1054,17462.568419493342,17462.568419493342
t1055,15811.775905088165,15811.775905088165
t1056,14207.887692151164,14207.887692151164
t1057,13136.589915745333,13136.589915745333
t1058,12422.98167504582,12422.98167504582
t1059,12407.29590853202,12407.29590853202
t1060,12181.637771736237,12181.637771736237
t1061,12246.179508433694,12246.179508433694
t1062,12419.00016954867,12419.00016954867
t1063,12698.441092423367,12698.441092423367
t1064,13313.528794756696,13313.528794756696
t1065,13675.157247348428,13675.157247348428
t1066,14145.18144637348,14145.18144637348
t1067,15186.321062364239,15186.321062364239
t1068,16728.534221991566,16728.534221991566
t1069,18038.47906127994,18038.47906127994
t1070,18725.393370378166,18725.393370378166
t1071,19333.885858556016,19333.885858556016
t1072,19202.90842912188,19202.90842912188
t1073,19076.35966258314,19076.35966258314
t1074,18984.27013388954,18984.27013388954
t1075,18292.18168225482,18292.18168225482
t1076,16694.95389410036,16694.95389410036
t1077,16488.71489668308,16488.71489668308
t1078,14828.572851951416,14828.572851951416
t1079,11723.911585022977,11723.911585022977
t1080,9982.269828213146,9982.269828213146
t1081,8805.361230632274,8805.361230632274
t1082,8333.94837846591,8333.94837846591
t1083,8184.397354671031,8184.397354671031
t1084,8199.661652324818,8199.661652324818
t1085,8484.52605425074,8484.52605425074
t1086,8446.256920830585,8446.256920830585
t1087,8339.207890992026,8339.207890992026
t1088,8569.526726123375,8569.526726123375
t1089,9497.938859426667,9497.938859426667
t1090,9539.899888140928,9539.899888140928
t1091,10710.415431009355,10710.415431009355
t1092,12007.204191059769,12007.204191059769
t1093,13903.787392189723,13903.787392189723
t1094,15653.440018965526,15653.440018965526
t1095,17258.46618578905,17258.46618578905
t1096,18171.311823000156,18171.311823000156
t1097,18727.897110320664,18727.897110320664
t1098,19229.863731184614,19229.863731184614
t1099,18965.252771273033,18965.252771273033
t1100,17844.312365998532,17844.312365998532
t1101,17865.29581694995,17865.29581694995
t1102,16285.377412227508,16285.377412227508
t1103,13403.876943600182,13403.876943600182
t1104,11330.716293547328,11330.716293547328
t1105,10829.369317695015,10829.369317695015
t1106,10037.083902942293,10037.083902942293
t1107,10260.188830382052,10260.188830382052
t1108,10659.935170610435,10659.935170610435
t1109,11091.325485515626,11091.325485515626
t1110,11610.393677149452,11610.393677149452
t1111,13099.449595318796,13099.449595318796
t1112,14708.546115355823,14708.546115355823
t1113,15419.733683441513,15419.733683441513
t1114,15926.066919534835,15926.066919534835
t1115,17624.100105177273,17624.100105177273
t1116,19113.57194656296,19113.57194656296
t1117,19776.39984523619,19776.39984523619
t1118,21005.38386609132,21005.38386609132
t1119,21685.55004735607,21685.55004735607
t1120,21889.22334266296,21889.22334266296
t1121,22315.60302060316,22315.60302060316
t1122,22285.446235701816,22285.446235701816
t1123,21811.18981397212,21811.18981397212
t1124,20696.651615231953,20696.651615231953
t1125,19722.27133295607,19722.27133295607
t1126,17357.630783916473,17357.630783916473
t1127,14440.89890277435,14440.89890277435
t1128,12747.873335863562,12747.873335863562
t1129,11486.34512335141,11486.34512335141
t1130,11298.657536098393,11298.657536098393
t1131,11017.143747500313,11017.143747500313
t1132,11086.466945303597,11086.466945303597
t1133,11526.18272110299,11526.18272110299
t1134,12508.45179079588,12508.45179079588
t1135,13211.931583850168,13211.931583850168
t1136,13186.660825354404,13186.660825354404
t1137,13620.117127387537,13620.117127387537
t1138,14400.563566766781,14400.563566766781
t1139,14820.272216162195,14820.272216162195
t1140,15152.701102154559,15152.701102154559
t1141,16229.424582263648,16229.424582263648
t1142,18598.726229307144,18598.726229307144
t1143,20695.98689591857,20695.98689591857
t1144,22643.542831775812,22643.542831775812
t1145,23320.047015034423,23320.047015034423
t1146,23289.361802906285,23289.361802906285
t1147,22483.215066325356,22483.215066325356
t1148,21604.937017488806,21604.937017488806
t1149,22143.027344363767,22143.027344363767
t1150,20493.4090523682,20493.4090523682
t1151,16235.369132680466,16235.369132680466
t1152,13250.800809998305,13250.800809998305
