BalanceComponent,Generation,Storage_Discharge,Storage_Charge,Flexible_Demand_Defer,Flexible_Demand_Stasify,Demand_Response,Nonserved_Energy,Transmission_NetExport,Transmission_Losses,Demand
Zone,1,1,1,1,1,1,1,1,1,1
AnnualSum,3.14995616119016e7,0.0,0.0,0.0,0.0,0.0,80.38809840002664,0.0,0.0,-3.1499642e7
t1,37081.0,0.0,0.0,0.0,0.0,0.0,0.0,0.0,0.0,-37081.0
t2,37257.99999999999,0.0,0.0,0.0,0.0,0.0,0.0,0.0,0.0,-37258.0
t3,37299.99999999999,0.0,0.0,0.0,0.0,0.0,0.0,0.0,0.0,-37300.0
t4,37422.99999999999,0.0,0.0,0.0,0.0,0.0,0.0,0.0,0.0,-37423.0
t5,37894.99999999999,0.0,0.0,0.0,0.0,0.0,0.0,0.0,0.0,-37895.0
t6,38824.99999999999,0.0,0.0,0.0,0.0,0.0,0.0,0.0,0.0,-38825.0
t7,39909.99999999999,0.0,0.0,0.0,0.0,0.0,0.0,0.0,0.0,-39910.0
t8,40435.99999999999,0.0,0.0,0.0,0.0,0.0,0.0,0.0,0.0,-40436.0
t9,40949.999999999985,0.0,0.0,0.0,0.0,0.0,0.0,0.0,0.0,-40950.0
t10,41762.99999999999,0.0,0.0,0.0,0.0,0.0,0.0,0.0,0.0,-41763.0
t11,42248.99999999999,0.0,0.0,0.0,0.0,0.0,0.0,0.0,0.0,-42249.0
t12,42295.99999999999,0.0,0.0,0.0,0.0,0.0,0.0,0.0,0.0,-42296.0
t13,41878.999999999985,0.0,0.0,0.0,0.0,0.0,0.0,0.0,0.0,-41879.0
t14,41375.99999999999,0.0,0.0,0.0,0.0,0.0,0.0,0.0,0.0,-41376.0
t15,40991.0,0.0,0.0,0.0,0.0,0.0,0.0,0.0,0.0,-40991.0
t16,41014.99999999999,0.0,0.0,0.0,0.0,0.0,0.0,0.0,0.0,-41015.0
t17,41842.0,0.0,0.0,0.0,0.0,0.0,0.0,0.0,0.0,-41842.0
t18,44058.0,0.0,0.0,0.0,0.0,0.0,0.0,0.0,0.0,-44058.0
t19,45400.0,0.0,0.0,0.0,0.0,0.0,0.0,0.0,0.0,-45400.0
t20,45245.99999999999,0.0,0.0,0.0,0.0,0.0,0.0,0.0,0.0,-45246.0
t21,44843.99999999999,0.0,0.0,0.0,0.0,0.0,0.0,0.0,0.0,-44844.0
t22,43901.0,0.0,0.0,0.0,0.0,0.0,0.0,0.0,0.0,-43901.0
t23,42205.99999999999,0.0,0.0,0.0,0.0,0.0,0.0,0.0,0.0,-42206.0
t24,40493.99999999999,0.0,0.0,0.0,0.0,0.0,0.0,0.0,0.0,-40494.0
t25,39245.999999999985,0.0,0.0,0.0,0.0,0.0,0.0,0.0,0.0,-39246.0
t26,38576.99999999999,0.0,0.0,0.0,0.0,0.0,0.0,0.0,0.0,-38577.0
t27,38433.99999999999,0.0,0.0,0.0,0.0,0.0,0.0,0.0,0.0,-38434.0
t28,38829.99999999999,0.0,0.0,0.0,0.0,0.0,0.0,0.0,0.0,-38830.0
t29,40072.0,0.0,0.0,0.0,0.0,0.0,0.0,0.0,0.0,-40072.0
t30,42484.99999999999,0.0,0.0,0.0,0.0,0.0,0.0,0.0,0.0,-42485.0
t31,45299.0,0.0,0.0,0.0,0.0,0.0,0.0,0.0,0.0,-45299.0
t32,47419.999999999985,0.0,0.0,0.0,0.0,0.0,0.0,0.0,0.0,-47420.0
t33,48547.0,0.0,0.0,0.0,0.0,0.0,0.0,0.0,0.0,-48547.0
t34,49679.0,0.0,0.0,0.0,0.0,0.0,0.0,0.0,0.0,-49679.0
t35,50682.00000000001,0.0,0.0,0.0,0.0,0.0,0.0,0.0,0.0,-50682.0
t36,51256.0,0.0,0.0,0.0,0.0,0.0,0.0,0.0,0.0,-51256.0
t37,51414.0,0.0,0.0,0.0,0.0,0.0,0.0,0.0,0.0,-51414.0
t38,51455.0,0.0,0.0,0.0,0.0,0.0,0.0,0.0,0.0,-51455.0
t39,51262.99999999999,0.0,0.0,0.0,0.0,0.0,0.0,0.0,0.0,-51263.0
t40,51149.0,0.0,0.0,0.0,0.0,0.0,0.0,0.0,0.0,-51149.0
t41,51381.0,0.0,0.0,0.0,0.0,0.0,0.0,0.0,0.0,-51381.0
t42,52717.0,0.0,0.0,0.0,0.0,0.0,0.0,0.0,0.0,-52717.0
t43,53277.0,0.0,0.0,0.0,0.0,0.0,0.0,0.0,0.0,-53277.0
t44,52309.0,0.0,0.0,0.0,0.0,0.0,0.0,0.0,0.0,-52309.0
t45,51043.0,0.0,0.0,0.0,0.0,0.0,0.0,0.0,0.0,-51043.0
t46,49194.0,0.0,0.0,0.0,0.0,0.0,0.0,0.0,0.0,-49194.0
t47,46627.99999999999,0.0,0.0,0.0,0.0,0.0,0.0,0.0,0.0,-46628.0
t48,44287.0,0.0,0.0,0.0,0.0,0.0,0.0,0.0,0.0,-44287.0
t49,42469.99999999999,0.0,0.0,0.0,0.0,0.0,0.0,0.0,0.0,-42470.0
t50,41444.99999999999,0.0,0.0,0.0,0.0,0.0,0.0,0.0,0.0,-41445.0
t51,41060.99999999999,0.0,0.0,0.0,0.0,0.0,0.0,0.0,0.0,-41061.0
t52,41018.99999999999,0.0,0.0,0.0,0.0,0.0,0.0,0.0,0.0,-41019.0
t53,41998.99999999999,0.0,0.0,0.0,0.0,0.0,0.0,0.0,0.0,-41999.0
t54,44023.99999999999,0.0,0.0,0.0,0.0,0.0,0.0,0.0,0.0,-44024.0
t55,46572.0,0.0,0.0,0.0,0.0,0.0,0.0,0.0,0.0,-46572.0
t56,48254.99999999999,0.0,0.0,0.0,0.0,0.0,0.0,0.0,0.0,-48255.0
t57,48683.99999999999,0.0,0.0,0.0,0.0,0.0,0.0,0.0,0.0,-48684.0
t58,48896.0,0.0,0.0,0.0,0.0,0.0,0.0,0.0,0.0,-48896.0
t59,49025.99999999999,0.0,0.0,0.0,0.0,0.0,0.0,0.0,0.0,-49026.0
t60,48540.0,0.0,0.0,0.0,0.0,0.0,0.0,0.0,0.0,-48540.0
t61,47492.0,0.0,0.0,0.0,0.0,0.0,0.0,0.0,0.0,-47492.0
t62,46311.99999999999,0.0,0.0,0.0,0.0,0.0,0.0,0.0,0.0,-46312.0
t63,45215.99999999999,0.0,0.0,0.0,0.0,0.0,0.0,0.0,0.0,-45216.0
t64,44530.0,0.0,0.0,0.0,0.0,0.0,0.0,0.0,0.0,-44530.0
t65,44771.99999999999,0.0,0.0,0.0,0.0,0.0,0.0,0.0,0.0,-44772.0
t66,46511.99999999999,0.0,0.0,0.0,0.0,0.0,0.0,0.0,0.0,-46512.0
t67,48596.0,0.0,0.0,0.0,0.0,0.0,0.0,0.0,0.0,-48596.0
t68,48814.0,0.0,0.0,0.0,0.0,0.0,0.0,0.0,0.0,-48814.0
t69,48647.0,0.0,0.0,0.0,0.0,0.0,0.0,0.0,0.0,-48647.0
t70,47765.0,0.0,0.0,0.0,0.0,0.0,0.0,0.0,0.0,-47765.0
t71,46019.99999999999,0.0,0.0,0.0,0.0,0.0,0.0,0.0,0.0,-46020.0
t72,44191.0,0.0,0.0,0.0,0.0,0.0,0.0,0.0,0.0,-44191.0
t73,43062.0,0.0,0.0,0.0,0.0,0.0,0.0,0.0,0.0,-43062.0
t74,42515.0,0.0,0.0,0.0,0.0,0.0,0.0,0.0,0.0,-42515.0
t75,42366.99999999999,0.0,0.0,0.0,0.0,0.0,0.0,0.0,0.0,-42367.0
t76,42732.0,0.0,0.0,0.0,0.0,0.0,0.0,0.0,0.0,-42732.0
t77,43703.99999999999,0.0,0.0,0.0,0.0,0.0,0.0,0.0,0.0,-43704.0
t78,46018.999999999985,0.0,0.0,0.0,0.0,0.0,0.0,0.0,0.0,-46019.0
t79,48824.0,0.0,0.0,0.0,0.0,0.0,0.0,0.0,0.0,-48824.0
t80,50161.0,0.0,0.0,0.0,0.0,0.0,0.0,0.0,0.0,-50161.0
t81,49292.0,0.0,0.0,0.0,0.0,0.0,0.0,0.0,0.0,-49292.0
t82,47110.0,0.0,0.0,0.0,0.0,0.0,0.0,0.0,0.0,-47110.0
t83,45045.999999999985,0.0,0.0,0.0,0.0,0.0,0.0,0.0,0.0,-45046.0
t84,42861.0,0.0,0.0,0.0,0.0,0.0,0.0,0.0,0.0,-42861.0
t85,40739.99999999999,0.0,0.0,0.0,0.0,0.0,0.0,0.0,0.0,-40740.0
t86,39192.99999999999,0.0,0.0,0.0,0.0,0.0,0.0,0.0,0.0,-39193.0
t87,37951.99999999999,0.0,0.0,0.0,0.0,0.0,0.0,0.0,0.0,-37952.0
t88,37056.0,0.0,0.0,0.0,0.0,0.0,0.0,0.0,0.0,-37056.0
t89,36749.0,0.0,0.0,0.0,0.0,0.0,0.0,0.0,0.0,-36749.0
t90,37953.999999999985,0.0,0.0,0.0,0.0,0.0,0.0,0.0,0.0,-37954.0
t91,40149.99999999999,0.0,0.0,0.0,0.0,0.0,0.0,0.0,0.0,-40150.0
t92,40524.0,0.0,0.0,0.0,0.0,0.0,0.0,0.0,0.0,-40524.0
t93,40718.0,0.0,0.0,0.0,0.0,0.0,0.0,0.0,0.0,-40718.0
t94,40572.0,0.0,0.0,0.0,0.0,0.0,0.0,0.0,0.0,-40572.0
t95,39777.0,0.0,0.0,0.0,0.0,0.0,0.0,0.0,0.0,-39777.0
t96,38635.99999999999,0.0,0.0,0.0,0.0,0.0,0.0,0.0,0.0,-38636.0
t97,37801.99999999999,0.0,0.0,0.0,0.0,0.0,0.0,0.0,0.0,-37802.0
t98,37499.99999999999,0.0,0.0,0.0,0.0,0.0,0.0,0.0,0.0,-37500.0
t99,37566.99999999999,0.0,0.0,0.0,0.0,0.0,0.0,0.0,0.0,-37567.0
t100,38054.99999999999,0.0,0.0,0.0,0.0,0.0,0.0,0.0,0.0,-38055.0
t101,38925.0,0.0,0.0,0.0,0.0,0.0,0.0,0.0,0.0,-38925.0
t102,40399.0,0.0,0.0,0.0,0.0,0.0,0.0,0.0,0.0,-40399.0
t103,42314.00000000001,0.0,0.0,0.0,0.0,0.0,0.0,0.0,0.0,-42314.0
t104,43897.99999999999,0.0,0.0,0.0,0.0,0.0,0.0,0.0,0.0,-43898.0
t105,43860.99999999999,0.0,0.0,0.0,0.0,0.0,0.0,0.0,0.0,-43861.0
t106,42009.0,0.0,0.0,0.0,0.0,0.0,0.0,0.0,0.0,-42009.0
t107,39824.00000000001,0.0,0.0,0.0,0.0,0.0,0.0,0.0,0.0,-39824.0
t108,37778.0,0.0,0.0,0.0,0.0,0.0,0.0,0.0,0.0,-37778.0
t109,36191.0,0.0,0.0,0.0,0.0,0.0,0.0,0.0,0.0,-36191.0
t110,35090.0,0.0,0.0,0.0,0.0,0.0,0.0,0.0,0.0,-35090.0
t111,34369.0,0.0,0.0,0.0,0.0,0.0,0.0,0.0,0.0,-34369.0
t112,33968.0,0.0,0.0,0.0,0.0,0.0,0.0,0.0,0.0,-33968.0
t113,33893.00000000001,0.0,0.0,0.0,0.0,0.0,0.0,0.0,0.0,-33893.0
t114,34818.0,0.0,0.0,0.0,0.0,0.0,0.0,0.0,0.0,-34818.0
t115,36655.0,0.0,0.0,0.0,0.0,0.0,0.0,0.0,0.0,-36655.0
t116,36685.0,0.0,0.0,0.0,0.0,0.0,0.0,0.0,0.0,-36685.0
t117,36293.0,0.0,0.0,0.0,0.0,0.0,0.0,0.0,0.0,-36293.0
t118,36061.0,0.0,0.0,0.0,0.0,0.0,0.0,0.0,0.0,-36061.0
t119,35332.99999999999,0.0,0.0,0.0,0.0,0.0,0.0,0.0,0.0,-35333.0
t120,34516.0,0.0,0.0,0.0,0.0,0.0,0.0,0.0,0.0,-34516.0
t121,33497.0,0.0,0.0,0.0,0.0,0.0,0.0,0.0,0.0,-33497.0
t122,32912.00000000001,0.0,0.0,0.0,0.0,0.0,0.0,0.0,0.0,-32912.0
t123,32695.999999999996,0.0,0.0,0.0,0.0,0.0,0.0,0.0,0.0,-32695.999999999996
t124,32846.0,0.0,0.0,0.0,0.0,0.0,0.0,0.0,0.0,-32846.0
t125,33369.0,0.0,0.0,0.0,0.0,0.0,0.0,0.0,0.0,-33369.0
t126,34294.0,0.0,0.0,0.0,0.0,0.0,0.0,0.0,0.0,-34294.0
t127,35666.0,0.0,0.0,0.0,0.0,0.0,0.0,0.0,0.0,-35666.0
t128,36737.0,0.0,0.0,0.0,0.0,0.0,0.0,0.0,0.0,-36737.0
t129,37360.99999999999,0.0,0.0,0.0,0.0,0.0,0.0,0.0,0.0,-37361.0
t130,36988.00000000001,0.0,0.0,0.0,0.0,0.0,0.0,0.0,0.0,-36988.0
t131,36089.0,0.0,0.0,0.0,0.0,0.0,0.0,0.0,0.0,-36089.0
t132,35467.0,0.0,0.0,0.0,0.0,0.0,0.0,0.0,0.0,-35467.0
t133,34978.99999999999,0.0,0.0,0.0,0.0,0.0,0.0,0.0,0.0,-34979.0
t134,34661.0,0.0,0.0,0.0,0.0,0.0,0.0,0.0,0.0,-34661.0
t135,34290.0,0.0,0.0,0.0,0.0,0.0,0.0,0.0,0.0,-34290.0
t136,34185.0,0.0,0.0,0.0,0.0,0.0,0.0,0.0,0.0,-34185.0
t137,34396.00000000001,0.0,0.0,0.0,0.0,0.0,0.0,0.0,0.0,-34396.0
t138,35477.00000000001,0.0,0.0,0.0,0.0,0.0,0.0,0.0,0.0,-35477.0
t139,37288.0,0.0,0.0,0.0,0.0,0.0,0.0,0.0,0.0,-37288.0
t140,37261.99999999999,0.0,0.0,0.0,0.0,0.0,0.0,0.0,0.0,-37262.0
t141,36578.0,0.0,0.0,0.0,0.0,0.0,0.0,0.0,0.0,-36578.0
t142,35402.0,0.0,0.0,0.0,0.0,0.0,0.0,0.0,0.0,-35402.0
t143,33530.0,0.0,0.0,0.0,0.0,0.0,0.0,0.0,0.0,-33530.0
t144,31443.999999999996,0.0,0.0,0.0,0.0,0.0,0.0,0.0,0.0,-31444.0
t145,29951.0,0.0,0.0,0.0,0.0,0.0,0.0,0.0,0.0,-29951.0
t146,28888.0,0.0,0.0,0.0,0.0,0.0,0.0,0.0,0.0,-28888.0
t147,28509.0,0.0,0.0,0.0,0.0,0.0,0.0,0.0,0.0,-28509.0
t148,28448.0,0.0,0.0,0.0,0.0,0.0,0.0,0.0,0.0,-28448.0
t149,29234.0,0.0,0.0,0.0,0.0,0.0,0.0,0.0,0.0,-29234.0
t150,31170.999999999996,0.0,0.0,0.0,0.0,0.0,0.0,0.0,0.0,-31171.0
t151,34165.0,0.0,0.0,0.0,0.0,0.0,0.0,0.0,0.0,-34165.0
t152,35608.0,0.0,0.0,0.0,0.0,0.0,0.0,0.0,0.0,-35608.0
t153,35840.99999999999,0.0,0.0,0.0,0.0,0.0,0.0,0.0,0.0,-35841.0
t154,36212.0,0.0,0.0,0.0,0.0,0.0,0.0,0.0,0.0,-36212.0
t155,36721.0,0.0,0.0,0.0,0.0,0.0,0.0,0.0,0.0,-36721.0
t156,36958.0,0.0,0.0,0.0,0.0,0.0,0.0,0.0,0.0,-36958.0
t157,37129.0,0.0,0.0,0.0,0.0,0.0,0.0,0.0,0.0,-37129.0
t158,37399.99999999999,0.0,0.0,0.0,0.0,0.0,0.0,0.0,0.0,-37400.0
t159,37414.99999999999,0.0,0.0,0.0,0.0,0.0,0.0,0.0,0.0,-37415.0
t160,37255.0,0.0,0.0,0.0,0.0,0.0,0.0,0.0,0.0,-37255.0
t161,37040.0,0.0,0.0,0.0,0.0,0.0,0.0,0.0,0.0,-37040.0
t162,37674.99999999999,0.0,0.0,0.0,0.0,0.0,0.0,0.0,0.0,-37675.0
t163,39334.0,0.0,0.0,0.0,0.0,0.0,0.0,0.0,0.0,-39334.0
t164,39035.99999999999,0.0,0.0,0.0,0.0,0.0,0.0,0.0,0.0,-39036.0
t165,38101.99999999999,0.0,0.0,0.0,0.0,0.0,0.0,0.0,0.0,-38102.0
t166,36691.0,0.0,0.0,0.0,0.0,0.0,0.0,0.0,0.0,-36691.0
t167,34494.0,0.0,0.0,0.0,0.0,0.0,0.0,0.0,0.0,-34494.0
t168,32188.000000000004,0.0,0.0,0.0,0.0,0.0,0.0,0.0,0.0,-32188.000000000004
t169,30516.999999999996,0.0,0.0,0.0,0.0,0.0,0.0,0.0,0.0,-30517.0
t170,29650.999999999996,0.0,0.0,0.0,0.0,0.0,0.0,0.0,0.0,-29651.0
t171,29321.999999999996,0.0,0.0,0.0,0.0,0.0,0.0,0.0,0.0,-29322.0
t172,29432.999999999996,0.0,0.0,0.0,0.0,0.0,0.0,0.0,0.0,-29433.0
t173,30255.999999999993,0.0,0.0,0.0,0.0,0.0,0.0,0.0,0.0,-30256.0
t174,32662.0,0.0,0.0,0.0,0.0,0.0,0.0,0.0,0.0,-32662.0
t175,36376.99999999999,0.0,0.0,0.0,0.0,0.0,0.0,0.0,0.0,-36377.0
t176,37914.99999999999,0.0,0.0,0.0,0.0,0.0,0.0,0.0,0.0,-37915.0
t177,37525.99999999999,0.0,0.0,0.0,0.0,0.0,0.0,0.0,0.0,-37526.0
t178,37425.99999999999,0.0,0.0,0.0,0.0,0.0,0.0,0.0,0.0,-37426.0
t179,37545.999999999985,0.0,0.0,0.0,0.0,0.0,0.0,0.0,0.0,-37546.0
t180,37578.999999999985,0.0,0.0,0.0,0.0,0.0,0.0,0.0,0.0,-37579.0
t181,37547.99999999999,0.0,0.0,0.0,0.0,0.0,0.0,0.0,0.0,-37548.0
t182,37542.99999999999,0.0,0.0,0.0,0.0,0.0,0.0,0.0,0.0,-37543.0
t183,37385.99999999999,0.0,0.0,0.0,0.0,0.0,0.0,0.0,0.0,-37386.0
t184,37056.0,0.0,0.0,0.0,0.0,0.0,0.0,0.0,0.0,-37056.0
t185,36954.0,0.0,0.0,0.0,0.0,0.0,0.0,0.0,0.0,-36954.0
t186,37892.0,0.0,0.0,0.0,0.0,0.0,0.0,0.0,0.0,-37892.0
t187,39710.99999999999,0.0,0.0,0.0,0.0,0.0,0.0,0.0,0.0,-39711.0
t188,39623.99999999999,0.0,0.0,0.0,0.0,0.0,0.0,0.0,0.0,-39624.0
t189,38956.99999999999,0.0,0.0,0.0,0.0,0.0,0.0,0.0,0.0,-38957.0
t190,37527.99999999999,0.0,0.0,0.0,0.0,0.0,0.0,0.0,0.0,-37528.0
t191,35294.0,0.0,0.0,0.0,0.0,0.0,0.0,0.0,0.0,-35294.0
t192,33093.0,0.0,0.0,0.0,0.0,0.0,0.0,0.0,0.0,-33093.0
t193,31702.999999999996,0.0,0.0,0.0,0.0,0.0,0.0,0.0,0.0,-31703.0
t194,31022.0,0.0,0.0,0.0,0.0,0.0,0.0,0.0,0.0,-31022.0
t195,30920.0,0.0,0.0,0.0,0.0,0.0,0.0,0.0,0.0,-30920.0
t196,31153.0,0.0,0.0,0.0,0.0,0.0,0.0,0.0,0.0,-31153.0
t197,32103.0,0.0,0.0,0.0,0.0,0.0,0.0,0.0,0.0,-32103.0
t198,34663.0,0.0,0.0,0.0,0.0,0.0,0.0,0.0,0.0,-34663.0
t199,38874.999999999985,0.0,0.0,0.0,0.0,0.0,0.0,0.0,0.0,-38875.0
t200,40520.99999999999,0.0,0.0,0.0,0.0,0.0,0.0,0.0,0.0,-40521.0
t201,40182.99999999999,0.0,0.0,0.0,0.0,0.0,0.0,0.0,0.0,-40183.0
t202,39892.99999999999,0.0,0.0,0.0,0.0,0.0,0.0,0.0,0.0,-39893.0
t203,39414.99999999999,0.0,0.0,0.0,0.0,0.0,0.0,0.0,0.0,-39415.0
t204,38632.999999999985,0.0,0.0,0.0,0.0,0.0,0.0,0.0,0.0,-38633.0
t205,37741.99999999999,0.0,0.0,0.0,0.0,0.0,0.0,0.0,0.0,-37742.0
t206,37179.0,0.0,0.0,0.0,0.0,0.0,0.0,0.0,0.0,-37179.0
t207,36672.0,0.0,0.0,0.0,0.0,0.0,0.0,0.0,0.0,-36672.0
t208,36349.0,0.0,0.0,0.0,0.0,0.0,0.0,0.0,0.0,-36349.0
t209,36610.0,0.0,0.0,0.0,0.0,0.0,0.0,0.0,0.0,-36610.0
t210,38086.99999999999,0.0,0.0,0.0,0.0,0.0,0.0,0.0,0.0,-38087.0
t211,40518.99999999999,0.0,0.0,0.0,0.0,0.0,0.0,0.0,0.0,-40519.0
t212,40950.99999999999,0.0,0.0,0.0,0.0,0.0,0.0,0.0,0.0,-40951.0
t213,40786.99999999999,0.0,0.0,0.0,0.0,0.0,0.0,0.0,0.0,-40787.0
t214,39840.99999999999,0.0,0.0,0.0,0.0,0.0,0.0,0.0,0.0,-39841.0
t215,37756.99999999999,0.0,0.0,0.0,0.0,0.0,0.0,0.0,0.0,-37757.0
t216,35753.0,0.0,0.0,0.0,0.0,0.0,0.0,0.0,0.0,-35753.0
t217,34566.0,0.0,0.0,0.0,0.0,0.0,0.0,0.0,0.0,-34566.0
t218,34022.0,0.0,0.0,0.0,0.0,0.0,0.0,0.0,0.0,-34022.0
t219,33842.0,0.0,0.0,0.0,0.0,0.0,0.0,0.0,0.0,-33842.0
t220,34153.0,0.0,0.0,0.0,0.0,0.0,0.0,0.0,0.0,-34153.0
t221,35209.0,0.0,0.0,0.0,0.0,0.0,0.0,0.0,0.0,-35209.0
t222,37863.99999999999,0.0,0.0,0.0,0.0,0.0,0.0,0.0,0.0,-37864.0
t223,41954.999999999985,0.0,0.0,0.0,0.0,0.0,0.0,0.0,0.0,-41955.0
t224,43285.999999999985,0.0,0.0,0.0,0.0,0.0,0.0,0.0,0.0,-43286.0
t225,42543.999999999985,0.0,0.0,0.0,0.0,0.0,0.0,0.0,0.0,-42544.0
t226,41962.999999999985,0.0,0.0,0.0,0.0,0.0,0.0,0.0,0.0,-41963.0
t227,41344.999999999985,0.0,0.0,0.0,0.0,0.0,0.0,0.0,0.0,-41345.0
t228,40511.999999999985,0.0,0.0,0.0,0.0,0.0,0.0,0.0,0.0,-40512.0
t229,39629.999999999985,0.0,0.0,0.0,0.0,0.0,0.0,0.0,0.0,-39630.0
t230,38938.99999999999,0.0,0.0,0.0,0.0,0.0,0.0,0.0,0.0,-38939.0
t231,38380.99999999999,0.0,0.0,0.0,0.0,0.0,0.0,0.0,0.0,-38381.0
t232,38145.999999999985,0.0,0.0,0.0,0.0,0.0,0.0,0.0,0.0,-38146.0
t233,38547.99999999999,0.0,0.0,0.0,0.0,0.0,0.0,0.0,0.0,-38548.0
t234,39767.99999999999,0.0,0.0,0.0,0.0,0.0,0.0,0.0,0.0,-39768.0
t235,41669.999999999985,0.0,0.0,0.0,0.0,0.0,0.0,0.0,0.0,-41670.0
t236,41830.99999999999,0.0,0.0,0.0,0.0,0.0,0.0,0.0,0.0,-41831.0
t237,41438.99999999999,0.0,0.0,0.0,0.0,0.0,0.0,0.0,0.0,-41439.0
t238,40203.99999999999,0.0,0.0,0.0,0.0,0.0,0.0,0.0,0.0,-40204.0
t239,37944.99999999999,0.0,0.0,0.0,0.0,0.0,0.0,0.0,0.0,-37945.0
t240,35824.0,0.0,0.0,0.0,0.0,0.0,0.0,0.0,0.0,-35824.0
t241,34400.0,0.0,0.0,0.0,0.0,0.0,0.0,0.0,0.0,-34400.0
t242,33634.0,0.0,0.0,0.0,0.0,0.0,0.0,0.0,0.0,-33634.0
t243,33293.0,0.0,0.0,0.0,0.0,0.0,0.0,0.0,0.0,-33293.0
t244,33377.0,0.0,0.0,0.0,0.0,0.0,0.0,0.0,0.0,-33377.0
t245,34307.0,0.0,0.0,0.0,0.0,0.0,0.0,0.0,0.0,-34307.0
t246,36691.0,0.0,0.0,0.0,0.0,0.0,0.0,0.0,0.0,-36691.0
t247,40405.99999999999,0.0,0.0,0.0,0.0,0.0,0.0,0.0,0.0,-40406.0
t248,41803.999999999985,0.0,0.0,0.0,0.0,0.0,0.0,0.0,0.0,-41804.0
t249,41399.999999999985,0.0,0.0,0.0,0.0,0.0,0.0,0.0,0.0,-41400.0
t250,41380.99999999999,0.0,0.0,0.0,0.0,0.0,0.0,0.0,0.0,-41381.0
t251,41303.0,0.0,0.0,0.0,0.0,0.0,0.0,0.0,0.0,-41303.0
t252,40752.99999999999,0.0,0.0,0.0,0.0,0.0,0.0,0.0,0.0,-40753.0
t253,40033.0,0.0,0.0,0.0,0.0,0.0,0.0,0.0,0.0,-40033.0
t254,39524.0,0.0,0.0,0.0,0.0,0.0,0.0,0.0,0.0,-39524.0
t255,39218.99999999999,0.0,0.0,0.0,0.0,0.0,0.0,0.0,0.0,-39219.0
t256,38942.999999999985,0.0,0.0,0.0,0.0,0.0,0.0,0.0,0.0,-38943.0
t257,39166.0,0.0,0.0,0.0,0.0,0.0,0.0,0.0,0.0,-39166.0
t258,40109.0,0.0,0.0,0.0,0.0,0.0,0.0,0.0,0.0,-40109.0
t259,40788.99999999999,0.0,0.0,0.0,0.0,0.0,0.0,0.0,0.0,-40789.0
t260,40060.99999999999,0.0,0.0,0.0,0.0,0.0,0.0,0.0,0.0,-40061.0
t261,39218.0,0.0,0.0,0.0,0.0,0.0,0.0,0.0,0.0,-39218.0
t262,37957.99999999999,0.0,0.0,0.0,0.0,0.0,0.0,0.0,0.0,-37958.0
t263,36158.0,0.0,0.0,0.0,0.0,0.0,0.0,0.0,0.0,-36158.0
t264,34269.00000000001,0.0,0.0,0.0,0.0,0.0,0.0,0.0,0.0,-34269.0
t265,32779.00000000001,0.0,0.0,0.0,0.0,0.0,0.0,0.0,0.0,-32779.0
t266,31759.0,0.0,0.0,0.0,0.0,0.0,0.0,0.0,0.0,-31759.0
t267,31156.0,0.0,0.0,0.0,0.0,0.0,0.0,0.0,0.0,-31156.0
t268,31059.000000000004,0.0,0.0,0.0,0.0,0.0,0.0,0.0,0.0,-31059.0
t269,31547.000000000004,0.0,0.0,0.0,0.0,0.0,0.0,0.0,0.0,-31547.0
t270,32826.00000000001,0.0,0.0,0.0,0.0,0.0,0.0,0.0,0.0,-32826.0
t271,34625.0,0.0,0.0,0.0,0.0,0.0,0.0,0.0,0.0,-34625.0
t272,36352.00000000001,0.0,0.0,0.0,0.0,0.0,0.0,0.0,0.0,-36352.0
t273,37525.99999999999,0.0,0.0,0.0,0.0,0.0,0.0,0.0,0.0,-37526.0
t274,38353.99999999999,0.0,0.0,0.0,0.0,0.0,0.0,0.0,0.0,-38354.0
t275,38883.99999999999,0.0,0.0,0.0,0.0,0.0,0.0,0.0,0.0,-38884.0
t276,39121.99999999999,0.0,0.0,0.0,0.0,0.0,0.0,0.0,0.0,-39122.0
t277,38914.0,0.0,0.0,0.0,0.0,0.0,0.0,0.0,0.0,-38914.0
t278,38533.99999999999,0.0,0.0,0.0,0.0,0.0,0.0,0.0,0.0,-38534.0
t279,38146.99999999999,0.0,0.0,0.0,0.0,0.0,0.0,0.0,0.0,-38147.0
t280,38075.0,0.0,0.0,0.0,0.0,0.0,0.0,0.0,0.0,-38075.0
t281,38173.99999999999,0.0,0.0,0.0,0.0,0.0,0.0,0.0,0.0,-38174.0
t282,38968.99999999999,0.0,0.0,0.0,0.0,0.0,0.0,0.0,0.0,-38969.0
t283,40462.999999999985,0.0,0.0,0.0,0.0,0.0,0.0,0.0,0.0,-40463.0
t284,40355.99999999999,0.0,0.0,0.0,0.0,0.0,0.0,0.0,0.0,-40356.0
t285,39964.0,0.0,0.0,0.0,0.0,0.0,0.0,0.0,0.0,-39964.0
t286,39391.99999999999,0.0,0.0,0.0,0.0,0.0,0.0,0.0,0.0,-39392.0
t287,38569.0,0.0,0.0,0.0,0.0,0.0,0.0,0.0,0.0,-38569.0
t288,37438.99999999999,0.0,0.0,0.0,0.0,0.0,0.0,0.0,0.0,-37439.0
t289,36459.0,0.0,0.0,0.0,0.0,0.0,0.0,0.0,0.0,-36459.0
t290,35978.0,0.0,0.0,0.0,0.0,0.0,0.0,0.0,0.0,-35978.0
t291,35871.0,0.0,0.0,0.0,0.0,0.0,0.0,0.0,0.0,-35871.0
t292,36085.0,0.0,0.0,0.0,0.0,0.0,0.0,0.0,0.0,-36085.0
t293,36680.0,0.0,0.0,0.0,0.0,0.0,0.0,0.0,0.0,-36680.0
t294,37810.99999999999,0.0,0.0,0.0,0.0,0.0,0.0,0.0,0.0,-37811.0
t295,39485.99999999999,0.0,0.0,0.0,0.0,0.0,0.0,0.0,0.0,-39486.0
t296,41154.999999999985,0.0,0.0,0.0,0.0,0.0,0.0,0.0,0.0,-41155.0
t297,42408.99999999999,0.0,0.0,0.0,0.0,0.0,0.0,0.0,0.0,-42409.0
t298,42989.99999999999,0.0,0.0,0.0,0.0,0.0,0.0,0.0,0.0,-42990.0
t299,42659.0,0.0,0.0,0.0,0.0,0.0,0.0,0.0,0.0,-42659.0
t300,41764.99999999999,0.0,0.0,0.0,0.0,0.0,0.0,0.0,0.0,-41765.0
t301,40745.99999999999,0.0,0.0,0.0,0.0,0.0,0.0,0.0,0.0,-40746.0
t302,39926.99999999999,0.0,0.0,0.0,0.0,0.0,0.0,0.0,0.0,-39927.0
t303,39287.99999999999,0.0,0.0,0.0,0.0,0.0,0.0,0.0,0.0,-39288.0
t304,39187.99999999999,0.0,0.0,0.0,0.0,0.0,0.0,0.0,0.0,-39188.0
t305,39709.99999999999,0.0,0.0,0.0,0.0,0.0,0.0,0.0,0.0,-39710.0
t306,41575.99999999999,0.0,0.0,0.0,0.0,0.0,0.0,0.0,0.0,-41576.0
t307,44064.0,0.0,0.0,0.0,0.0,0.0,0.0,0.0,0.0,-44064.0
t308,44875.0,0.0,0.0,0.0,0.0,0.0,0.0,0.0,0.0,-44875.0
t309,44654.99999999999,0.0,0.0,0.0,0.0,0.0,0.0,0.0,0.0,-44655.0
t310,43648.99999999999,0.0,0.0,0.0,0.0,0.0,0.0,0.0,0.0,-43649.0
t311,41580.99999999999,0.0,0.0,0.0,0.0,0.0,0.0,0.0,0.0,-41581.0
t312,39682.99999999999,0.0,0.0,0.0,0.0,0.0,0.0,0.0,0.0,-39683.0
t313,38500.99999999999,0.0,0.0,0.0,0.0,0.0,0.0,0.0,0.0,-38501.0
t314,38017.99999999999,0.0,0.0,0.0,0.0,0.0,0.0,0.0,0.0,-38018.0
t315,38040.99999999999,0.0,0.0,0.0,0.0,0.0,0.0,0.0,0.0,-38041.0
t316,38516.99999999999,0.0,0.0,0.0,0.0,0.0,0.0,0.0,0.0,-38517.0
t317,39905.0,0.0,0.0,0.0,0.0,0.0,0.0,0.0,0.0,-39905.0
t318,43102.99999999999,0.0,0.0,0.0,0.0,0.0,0.0,0.0,0.0,-43103.0
t319,47530.99999999999,0.0,0.0,0.0,0.0,0.0,0.0,0.0,0.0,-47531.0
t320,49084.99999999999,0.0,0.0,0.0,0.0,0.0,0.0,0.0,0.0,-49085.0
t321,48518.0,0.0,0.0,0.0,0.0,0.0,0.0,0.0,0.0,-48518.0
t322,48252.0,0.0,0.0,0.0,0.0,0.0,0.0,0.0,0.0,-48252.0
t323,47532.99999999999,0.0,0.0,0.0,0.0,0.0,0.0,0.0,0.0,-47533.0
t324,46294.99999999999,0.0,0.0,0.0,0.0,0.0,0.0,0.0,0.0,-46295.0
t325,44654.999999999985,0.0,0.0,0.0,0.0,0.0,0.0,0.0,0.0,-44655.0
t326,43093.0,0.0,0.0,0.0,0.0,0.0,0.0,0.0,0.0,-43093.0
t327,41826.99999999999,0.0,0.0,0.0,0.0,0.0,0.0,0.0,0.0,-41827.0
t328,41189.0,0.0,0.0,0.0,0.0,0.0,0.0,0.0,0.0,-41189.0
t329,41851.99999999999,0.0,0.0,0.0,0.0,0.0,0.0,0.0,0.0,-41852.0
t330,44140.0,0.0,0.0,0.0,0.0,0.0,0.0,0.0,0.0,-44140.0
t331,46758.99999999999,0.0,0.0,0.0,0.0,0.0,0.0,0.0,0.0,-46759.0
t332,47022.99999999999,0.0,0.0,0.0,0.0,0.0,0.0,0.0,0.0,-47023.0
t333,46632.99999999999,0.0,0.0,0.0,0.0,0.0,0.0,0.0,0.0,-46633.0
t334,45133.99999999999,0.0,0.0,0.0,0.0,0.0,0.0,0.0,0.0,-45134.0
t335,42484.999999999985,0.0,0.0,0.0,0.0,0.0,0.0,0.0,0.0,-42485.0
t336,40328.99999999999,0.0,0.0,0.0,0.0,0.0,0.0,0.0,0.0,-40329.0
t337,38974.0,0.0,0.0,0.0,0.0,0.0,0.0,0.0,0.0,-38974.0
t338,38134.99999999999,0.0,0.0,0.0,0.0,0.0,0.0,0.0,0.0,-38135.0
t339,37883.99999999999,0.0,0.0,0.0,0.0,0.0,0.0,0.0,0.0,-37884.0
t340,37985.99999999999,0.0,0.0,0.0,0.0,0.0,0.0,0.0,0.0,-37986.0
t341,38886.99999999999,0.0,0.0,0.0,0.0,0.0,0.0,0.0,0.0,-38887.0
t342,41544.0,0.0,0.0,0.0,0.0,0.0,0.0,0.0,0.0,-41544.0
t343,45408.0,0.0,0.0,0.0,0.0,0.0,0.0,0.0,0.0,-45408.0
t344,46652.99999999999,0.0,0.0,0.0,0.0,0.0,0.0,0.0,0.0,-46653.0
t345,45776.0,0.0,0.0,0.0,0.0,0.0,0.0,0.0,0.0,-45776.0
t346,45243.00000000001,0.0,0.0,0.0,0.0,0.0,0.0,0.0,0.0,-45243.0
t347,44847.0,0.0,0.0,0.0,0.0,0.0,0.0,0.0,0.0,-44847.0
t348,44126.0,0.0,0.0,0.0,0.0,0.0,0.0,0.0,0.0,-44126.0
t349,43133.99999999999,0.0,0.0,0.0,0.0,0.0,0.0,0.0,0.0,-43134.0
t350,42319.999999999985,0.0,0.0,0.0,0.0,0.0,0.0,0.0,0.0,-42320.0
t351,41731.0,0.0,0.0,0.0,0.0,0.0,0.0,0.0,0.0,-41731.0
t352,41505.99999999999,0.0,0.0,0.0,0.0,0.0,0.0,0.0,0.0,-41506.0
t353,42222.0,0.0,0.0,0.0,0.0,0.0,0.0,0.0,0.0,-42222.0
t354,43944.0,0.0,0.0,0.0,0.0,0.0,0.0,0.0,0.0,-43944.0
t355,45563.00000000001,0.0,0.0,0.0,0.0,0.0,0.0,0.0,0.0,-45563.0
t356,45353.0,0.0,0.0,0.0,0.0,0.0,0.0,0.0,0.0,-45353.0
t357,44611.0,0.0,0.0,0.0,0.0,0.0,0.0,0.0,0.0,-44611.0
t358,42792.0,0.0,0.0,0.0,0.0,0.0,0.0,0.0,0.0,-42792.0
t359,40162.99999999999,0.0,0.0,0.0,0.0,0.0,0.0,0.0,0.0,-40163.0
t360,37724.99999999999,0.0,0.0,0.0,0.0,0.0,0.0,0.0,0.0,-37725.0
t361,36132.00000000001,0.0,0.0,0.0,0.0,0.0,0.0,0.0,0.0,-36132.0
t362,35324.0,0.0,0.0,0.0,0.0,0.0,0.0,0.0,0.0,-35324.0
t363,34989.00000000001,0.0,0.0,0.0,0.0,0.0,0.0,0.0,0.0,-34989.0
t364,35106.00000000001,0.0,0.0,0.0,0.0,0.0,0.0,0.0,0.0,-35106.0
t365,36022.00000000001,0.0,0.0,0.0,0.0,0.0,0.0,0.0,0.0,-36022.0
t366,38479.0,0.0,0.0,0.0,0.0,0.0,0.0,0.0,0.0,-38479.0
t367,42209.0,0.0,0.0,0.0,0.0,0.0,0.0,0.0,0.0,-42209.0
t368,43149.0,0.0,0.0,0.0,0.0,0.0,0.0,0.0,0.0,-43149.0
t369,42362.0,0.0,0.0,0.0,0.0,0.0,0.0,0.0,0.0,-42362.0
t370,42088.0,0.0,0.0,0.0,0.0,0.0,0.0,0.0,0.0,-42088.0
t371,41630.0,0.0,0.0,0.0,0.0,0.0,0.0,0.0,0.0,-41630.0
t372,40837.0,0.0,0.0,0.0,0.0,0.0,0.0,0.0,0.0,-40837.0
t373,40049.0,0.0,0.0,0.0,0.0,0.0,0.0,0.0,0.0,-40049.0
t374,39285.99999999999,0.0,0.0,0.0,0.0,0.0,0.0,0.0,0.0,-39286.0
t375,38425.0,0.0,0.0,0.0,0.0,0.0,0.0,0.0,0.0,-38425.0
t376,38063.0,0.0,0.0,0.0,0.0,0.0,0.0,0.0,0.0,-38063.0
t377,38402.99999999999,0.0,0.0,0.0,0.0,0.0,0.0,0.0,0.0,-38403.0
t378,39669.99999999999,0.0,0.0,0.0,0.0,0.0,0.0,0.0,0.0,-39670.0
t379,41265.0,0.0,0.0,0.0,0.0,0.0,0.0,0.0,0.0,-41265.0
t380,41086.0,0.0,0.0,0.0,0.0,0.0,0.0,0.0,0.0,-41086.0
t381,40343.99999999999,0.0,0.0,0.0,0.0,0.0,0.0,0.0,0.0,-40344.0
t382,38877.99999999999,0.0,0.0,0.0,0.0,0.0,0.0,0.0,0.0,-38878.0
t383,36339.0,0.0,0.0,0.0,0.0,0.0,0.0,0.0,0.0,-36339.0
t384,33930.00000000001,0.0,0.0,0.0,0.0,0.0,0.0,0.0,0.0,-33930.0
t385,32287.999999999996,0.0,0.0,0.0,0.0,0.0,0.0,0.0,0.0,-32287.999999999996
t386,31344.000000000004,0.0,0.0,0.0,0.0,0.0,0.0,0.0,0.0,-31344.0
t387,30958.000000000004,0.0,0.0,0.0,0.0,0.0,0.0,0.0,0.0,-30958.0
t388,30978.000000000004,0.0,0.0,0.0,0.0,0.0,0.0,0.0,0.0,-30978.0
t389,31776.0,0.0,0.0,0.0,0.0,0.0,0.0,0.0,0.0,-31776.0
t390,34167.00000000001,0.0,0.0,0.0,0.0,0.0,0.0,0.0,0.0,-34167.0
t391,37955.99999999999,0.0,0.0,0.0,0.0,0.0,0.0,0.0,0.0,-37956.0
t392,39399.0,0.0,0.0,0.0,0.0,0.0,0.0,0.0,0.0,-39399.0
t393,38973.99999999999,0.0,0.0,0.0,0.0,0.0,0.0,0.0,0.0,-38974.0
t394,38808.0,0.0,0.0,0.0,0.0,0.0,0.0,0.0,0.0,-38808.0
t395,38525.99999999999,0.0,0.0,0.0,0.0,0.0,0.0,0.0,0.0,-38526.0
t396,37969.99999999999,0.0,0.0,0.0,0.0,0.0,0.0,0.0,0.0,-37970.0
t397,37259.0,0.0,0.0,0.0,0.0,0.0,0.0,0.0,0.0,-37259.0
t398,36723.0,0.0,0.0,0.0,0.0,0.0,0.0,0.0,0.0,-36723.0
t399,36273.0,0.0,0.0,0.0,0.0,0.0,0.0,0.0,0.0,-36273.0
t400,35906.0,0.0,0.0,0.0,0.0,0.0,0.0,0.0,0.0,-35906.0
t401,36068.0,0.0,0.0,0.0,0.0,0.0,0.0,0.0,0.0,-36068.0
t402,36938.99999999999,0.0,0.0,0.0,0.0,0.0,0.0,0.0,0.0,-36939.0
t403,39052.99999999999,0.0,0.0,0.0,0.0,0.0,0.0,0.0,0.0,-39053.0
t404,39414.99999999999,0.0,0.0,0.0,0.0,0.0,0.0,0.0,0.0,-39415.0
t405,39228.99999999999,0.0,0.0,0.0,0.0,0.0,0.0,0.0,0.0,-39229.0
t406,38223.0,0.0,0.0,0.0,0.0,0.0,0.0,0.0,0.0,-38223.0
t407,36330.0,0.0,0.0,0.0,0.0,0.0,0.0,0.0,0.0,-36330.0
t408,34390.0,0.0,0.0,0.0,0.0,0.0,0.0,0.0,0.0,-34390.0
t409,33161.0,0.0,0.0,0.0,0.0,0.0,0.0,0.0,0.0,-33161.0
t410,32694.000000000004,0.0,0.0,0.0,0.0,0.0,0.0,0.0,0.0,-32694.000000000004
t411,32476.0,0.0,0.0,0.0,0.0,0.0,0.0,0.0,0.0,-32476.0
t412,32648.00000000001,0.0,0.0,0.0,0.0,0.0,0.0,0.0,0.0,-32648.000000000004
t413,33575.0,0.0,0.0,0.0,0.0,0.0,0.0,0.0,0.0,-33575.0
t414,35925.0,0.0,0.0,0.0,0.0,0.0,0.0,0.0,0.0,-35925.0
t415,39625.99999999999,0.0,0.0,0.0,0.0,0.0,0.0,0.0,0.0,-39626.0
t416,41156.99999999999,0.0,0.0,0.0,0.0,0.0,0.0,0.0,0.0,-41157.0
t417,40718.0,0.0,0.0,0.0,0.0,0.0,0.0,0.0,0.0,-40718.0
t418,40331.99999999999,0.0,0.0,0.0,0.0,0.0,0.0,0.0,0.0,-40332.0
t419,39814.999999999985,0.0,0.0,0.0,0.0,0.0,0.0,0.0,0.0,-39815.0
t420,39149.99999999999,0.0,0.0,0.0,0.0,0.0,0.0,0.0,0.0,-39150.0
t421,38544.0,0.0,0.0,0.0,0.0,0.0,0.0,0.0,0.0,-38544.0
t422,38144.999999999985,0.0,0.0,0.0,0.0,0.0,0.0,0.0,0.0,-38145.0
t423,37547.99999999999,0.0,0.0,0.0,0.0,0.0,0.0,0.0,0.0,-37548.0
t424,37071.999999999985,0.0,0.0,0.0,0.0,0.0,0.0,0.0,0.0,-37072.0
t425,36989.999999999985,0.0,0.0,0.0,0.0,0.0,0.0,0.0,0.0,-36990.0
t426,37511.99999999999,0.0,0.0,0.0,0.0,0.0,0.0,0.0,0.0,-37512.0
t427,38525.99999999999,0.0,0.0,0.0,0.0,0.0,0.0,0.0,0.0,-38526.0
t428,38105.99999999999,0.0,0.0,0.0,0.0,0.0,0.0,0.0,0.0,-38106.0
t429,37352.99999999999,0.0,0.0,0.0,0.0,0.0,0.0,0.0,0.0,-37353.0
t430,36292.0,0.0,0.0,0.0,0.0,0.0,0.0,0.0,0.0,-36292.0
t431,34858.0,0.0,0.0,0.0,0.0,0.0,0.0,0.0,0.0,-34858.0
t432,33078.00000000001,0.0,0.0,0.0,0.0,0.0,0.0,0.0,0.0,-33078.0
t433,31626.0,0.0,0.0,0.0,0.0,0.0,0.0,0.0,0.0,-31626.0
t434,30862.0,0.0,0.0,0.0,0.0,0.0,0.0,0.0,0.0,-30862.0
t435,30797.0,0.0,0.0,0.0,0.0,0.0,0.0,0.0,0.0,-30797.0
t436,31371.000000000004,0.0,0.0,0.0,0.0,0.0,0.0,0.0,0.0,-31371.0
t437,32567.000000000007,0.0,0.0,0.0,0.0,0.0,0.0,0.0,0.0,-32567.0
t438,34680.0,0.0,0.0,0.0,0.0,0.0,0.0,0.0,0.0,-34680.0
t439,37324.99999999999,0.0,0.0,0.0,0.0,0.0,0.0,0.0,0.0,-37325.0
t440,40072.0,0.0,0.0,0.0,0.0,0.0,0.0,0.0,0.0,-40072.0
t441,42575.0,0.0,0.0,0.0,0.0,0.0,0.0,0.0,0.0,-42575.0
t442,44133.99999999999,0.0,0.0,0.0,0.0,0.0,0.0,0.0,0.0,-44134.0
t443,44598.0,0.0,0.0,0.0,0.0,0.0,0.0,0.0,0.0,-44598.0
t444,44149.99999999999,0.0,0.0,0.0,0.0,0.0,0.0,0.0,0.0,-44150.0
t445,43222.99999999999,0.0,0.0,0.0,0.0,0.0,0.0,0.0,0.0,-43223.0
t446,42056.99999999999,0.0,0.0,0.0,0.0,0.0,0.0,0.0,0.0,-42057.0
t447,41084.99999999999,0.0,0.0,0.0,0.0,0.0,0.0,0.0,0.0,-41085.0
t448,40480.99999999999,0.0,0.0,0.0,0.0,0.0,0.0,0.0,0.0,-40481.0
t449,40649.99999999999,0.0,0.0,0.0,0.0,0.0,0.0,0.0,0.0,-40650.0
t450,42072.0,0.0,0.0,0.0,0.0,0.0,0.0,0.0,0.0,-42072.0
t451,44940.99999999999,0.0,0.0,0.0,0.0,0.0,0.0,0.0,0.0,-44941.0
t452,45497.0,0.0,0.0,0.0,0.0,0.0,0.0,0.0,0.0,-45497.0
t453,45697.99999999999,0.0,0.0,0.0,0.0,0.0,0.0,0.0,0.0,-45698.0
t454,45458.0,0.0,0.0,0.0,0.0,0.0,0.0,0.0,0.0,-45458.0
t455,44661.99999999999,0.0,0.0,0.0,0.0,0.0,0.0,0.0,0.0,-44662.0
t456,43759.999999999985,0.0,0.0,0.0,0.0,0.0,0.0,0.0,0.0,-43760.0
t457,43104.99999999999,0.0,0.0,0.0,0.0,0.0,0.0,0.0,0.0,-43105.0
t458,42934.0,0.0,0.0,0.0,0.0,0.0,0.0,0.0,0.0,-42934.0
t459,42968.0,0.0,0.0,0.0,0.0,0.0,0.0,0.0,0.0,-42968.0
t460,43309.999999999985,0.0,0.0,0.0,0.0,0.0,0.0,0.0,0.0,-43310.0
t461,44147.0,0.0,0.0,0.0,0.0,0.0,0.0,0.0,0.0,-44147.0
t462,45460.99999999999,0.0,0.0,0.0,0.0,0.0,0.0,0.0,0.0,-45461.0
t463,47269.0,0.0,0.0,0.0,0.0,0.0,0.0,0.0,0.0,-47269.0
t464,48930.0,0.0,0.0,0.0,0.0,0.0,0.0,0.0,0.0,-48930.0
t465,49352.0,0.0,0.0,0.0,0.0,0.0,0.0,0.0,0.0,-49352.0
t466,48257.99999999999,0.0,0.0,0.0,0.0,0.0,0.0,0.0,0.0,-48258.0
t467,45954.0,0.0,0.0,0.0,0.0,0.0,0.0,0.0,0.0,-45954.0
t468,43535.99999999999,0.0,0.0,0.0,0.0,0.0,0.0,0.0,0.0,-43536.0
t469,41259.0,0.0,0.0,0.0,0.0,0.0,0.0,0.0,0.0,-41259.0
t470,39359.99999999999,0.0,0.0,0.0,0.0,0.0,0.0,0.0,0.0,-39360.0
t471,37869.99999999999,0.0,0.0,0.0,0.0,0.0,0.0,0.0,0.0,-37870.0
t472,37021.0,0.0,0.0,0.0,0.0,0.0,0.0,0.0,0.0,-37021.0
t473,36908.00000000001,0.0,0.0,0.0,0.0,0.0,0.0,0.0,0.0,-36908.0
t474,38622.99999999999,0.0,0.0,0.0,0.0,0.0,0.0,0.0,0.0,-38623.0
t475,41764.0,0.0,0.0,0.0,0.0,0.0,0.0,0.0,0.0,-41764.0
t476,42989.0,0.0,0.0,0.0,0.0,0.0,0.0,0.0,0.0,-42989.0
t477,43149.0,0.0,0.0,0.0,0.0,0.0,0.0,0.0,0.0,-43149.0
t478,43278.00000000001,0.0,0.0,0.0,0.0,0.0,0.0,0.0,0.0,-43278.0
t479,42117.00000000001,0.0,0.0,0.0,0.0,0.0,0.0,0.0,0.0,-42117.0
t480,40672.0,0.0,0.0,0.0,0.0,0.0,0.0,0.0,0.0,-40672.0
t481,39768.99999999999,0.0,0.0,0.0,0.0,0.0,0.0,0.0,0.0,-39769.0
t482,39391.99999999999,0.0,0.0,0.0,0.0,0.0,0.0,0.0,0.0,-39392.0
t483,39491.99999999999,0.0,0.0,0.0,0.0,0.0,0.0,0.0,0.0,-39492.0
t484,40131.0,0.0,0.0,0.0,0.0,0.0,0.0,0.0,0.0,-40131.0
t485,41479.99999999999,0.0,0.0,0.0,0.0,0.0,0.0,0.0,0.0,-41480.0
t486,44062.0,0.0,0.0,0.0,0.0,0.0,0.0,0.0,0.0,-44062.0
t487,47293.99999999999,0.0,0.0,0.0,0.0,0.0,0.0,0.0,0.0,-47294.0
t488,48972.99999999999,0.0,0.0,0.0,0.0,0.0,0.0,0.0,0.0,-48973.0
t489,48554.99999999999,0.0,0.0,0.0,0.0,0.0,0.0,0.0,0.0,-48555.0
t490,47275.99999999999,0.0,0.0,0.0,0.0,0.0,0.0,0.0,0.0,-47276.0
t491,45875.99999999999,0.0,0.0,0.0,0.0,0.0,0.0,0.0,0.0,-45876.0
t492,43850.99999999999,0.0,0.0,0.0,0.0,0.0,0.0,0.0,0.0,-43851.0
t493,41660.0,0.0,0.0,0.0,0.0,0.0,0.0,0.0,0.0,-41660.0
t494,40058.99999999999,0.0,0.0,0.0,0.0,0.0,0.0,0.0,0.0,-40059.0
t495,38775.99999999999,0.0,0.0,0.0,0.0,0.0,0.0,0.0,0.0,-38776.0
t496,38098.99999999999,0.0,0.0,0.0,0.0,0.0,0.0,0.0,0.0,-38099.0
t497,38210.0,0.0,0.0,0.0,0.0,0.0,0.0,0.0,0.0,-38210.0
t498,39390.99999999999,0.0,0.0,0.0,0.0,0.0,0.0,0.0,0.0,-39391.0
t499,41700.99999999999,0.0,0.0,0.0,0.0,0.0,0.0,0.0,0.0,-41701.0
t500,41812.999999999985,0.0,0.0,0.0,0.0,0.0,0.0,0.0,0.0,-41813.0
t501,41171.0,0.0,0.0,0.0,0.0,0.0,0.0,0.0,0.0,-41171.0
t502,39775.99999999999,0.0,0.0,0.0,0.0,0.0,0.0,0.0,0.0,-39776.0
t503,37286.99999999999,0.0,0.0,0.0,0.0,0.0,0.0,0.0,0.0,-37287.0
t504,34785.0,0.0,0.0,0.0,0.0,0.0,0.0,0.0,0.0,-34785.0
t505,33150.00000000001,0.0,0.0,0.0,0.0,0.0,0.0,0.0,0.0,-33150.0
t506,32192.000000000007,0.0,0.0,0.0,0.0,0.0,0.0,0.0,0.0,-32192.0
t507,31703.000000000004,0.0,0.0,0.0,0.0,0.0,0.0,0.0,0.0,-31703.0
t508,31687.000000000004,0.0,0.0,0.0,0.0,0.0,0.0,0.0,0.0,-31687.0
t509,32456.00000000001,0.0,0.0,0.0,0.0,0.0,0.0,0.0,0.0,-32456.000000000004
t510,34693.00000000001,0.0,0.0,0.0,0.0,0.0,0.0,0.0,0.0,-34693.0
t511,38274.99999999999,0.0,0.0,0.0,0.0,0.0,0.0,0.0,0.0,-38275.0
t512,39263.99999999999,0.0,0.0,0.0,0.0,0.0,0.0,0.0,0.0,-39264.0
t513,38572.0,0.0,0.0,0.0,0.0,0.0,0.0,0.0,0.0,-38572.0
t514,38427.0,0.0,0.0,0.0,0.0,0.0,0.0,0.0,0.0,-38427.0
t515,38336.0,0.0,0.0,0.0,0.0,0.0,0.0,0.0,0.0,-38336.0
t516,38193.99999999999,0.0,0.0,0.0,0.0,0.0,0.0,0.0,0.0,-38194.0
t517,38046.99999999999,0.0,0.0,0.0,0.0,0.0,0.0,0.0,0.0,-38047.0
t518,37928.0,0.0,0.0,0.0,0.0,0.0,0.0,0.0,0.0,-37928.0
t519,37764.0,0.0,0.0,0.0,0.0,0.0,0.0,0.0,0.0,-37764.0
t520,37721.0,0.0,0.0,0.0,0.0,0.0,0.0,0.0,0.0,-37721.0
t521,38197.00000000001,0.0,0.0,0.0,0.0,0.0,0.0,0.0,0.0,-38197.0
t522,39549.0,0.0,0.0,0.0,0.0,0.0,0.0,0.0,0.0,-39549.0
t523,41482.0,0.0,0.0,0.0,0.0,0.0,0.0,0.0,0.0,-41482.0
t524,41947.99999999999,0.0,0.0,0.0,0.0,0.0,0.0,0.0,0.0,-41948.0
t525,42046.0,0.0,0.0,0.0,0.0,0.0,0.0,0.0,0.0,-42046.0
t526,41182.99999999999,0.0,0.0,0.0,0.0,0.0,0.0,0.0,0.0,-41183.0
t527,39506.99999999999,0.0,0.0,0.0,0.0,0.0,0.0,0.0,0.0,-39507.0
t528,37857.99999999999,0.0,0.0,0.0,0.0,0.0,0.0,0.0,0.0,-37858.0
t529,36873.0,0.0,0.0,0.0,0.0,0.0,0.0,0.0,0.0,-36873.0
t530,36896.0,0.0,0.0,0.0,0.0,0.0,0.0,0.0,0.0,-36896.0
t531,37339.99999999999,0.0,0.0,0.0,0.0,0.0,0.0,0.0,0.0,-37340.0
t532,38580.999999999985,0.0,0.0,0.0,0.0,0.0,0.0,0.0,0.0,-38581.0
t533,40619.99999999999,0.0,0.0,0.0,0.0,0.0,0.0,0.0,0.0,-40620.0
t534,44170.0,0.0,0.0,0.0,0.0,0.0,0.0,0.0,0.0,-44170.0
t535,49253.99999999999,0.0,0.0,0.0,0.0,0.0,0.0,0.0,0.0,-49254.0
t536,51796.0,0.0,0.0,0.0,0.0,0.0,0.0,0.0,0.0,-51796.0
t537,51298.61190159997,0.0,0.0,0.0,0.0,0.0,80.38809840002664,0.0,0.0,-51379.0
t538,50589.00000000001,0.0,0.0,0.0,0.0,0.0,0.0,0.0,0.0,-50589.0
t539,49543.99999999999,0.0,0.0,0.0,0.0,0.0,0.0,0.0,0.0,-49544.0
t540,48034.99999999999,0.0,0.0,0.0,0.0,0.0,0.0,0.0,0.0,-48035.0
t541,46271.99999999999,0.0,0.0,0.0,0.0,0.0,0.0,0.0,0.0,-46272.0
t542,44752.0,0.0,0.0,0.0,0.0,0.0,0.0,0.0,0.0,-44752.0
t543,43121.0,0.0,0.0,0.0,0.0,0.0,0.0,0.0,0.0,-43121.0
t544,41972.0,0.0,0.0,0.0,0.0,0.0,0.0,0.0,0.0,-41972.0
t545,42016.99999999999,0.0,0.0,0.0,0.0,0.0,0.0,0.0,0.0,-42017.0
t546,43479.0,0.0,0.0,0.0,0.0,0.0,0.0,0.0,0.0,-43479.0
t547,46781.0,0.0,0.0,0.0,0.0,0.0,0.0,0.0,0.0,-46781.0
t548,48120.99999999999,0.0,0.0,0.0,0.0,0.0,0.0,0.0,0.0,-48121.0
t549,48588.99999999999,0.0,0.0,0.0,0.0,0.0,0.0,0.0,0.0,-48589.0
t550,47986.99999999999,0.0,0.0,0.0,0.0,0.0,0.0,0.0,0.0,-47987.0
t551,46144.0,0.0,0.0,0.0,0.0,0.0,0.0,0.0,0.0,-46144.0
t552,44401.0,0.0,0.0,0.0,0.0,0.0,0.0,0.0,0.0,-44401.0
t553,43535.99999999999,0.0,0.0,0.0,0.0,0.0,0.0,0.0,0.0,-43536.0
t554,43330.99999999999,0.0,0.0,0.0,0.0,0.0,0.0,0.0,0.0,-43331.0
t555,43555.99999999999,0.0,0.0,0.0,0.0,0.0,0.0,0.0,0.0,-43556.0
t556,44178.0,0.0,0.0,0.0,0.0,0.0,0.0,0.0,0.0,-44178.0
t557,45683.0,0.0,0.0,0.0,0.0,0.0,0.0,0.0,0.0,-45683.0
t558,49021.0,0.0,0.0,0.0,0.0,0.0,0.0,0.0,0.0,-49021.0
t559,53643.0,0.0,0.0,0.0,0.0,0.0,0.0,0.0,0.0,-53643.0
t560,54668.99999999999,0.0,0.0,0.0,0.0,0.0,0.0,0.0,0.0,-54669.0
t561,51857.0,0.0,0.0,0.0,0.0,0.0,0.0,0.0,0.0,-51857.0
t562,48509.99999999999,0.0,0.0,0.0,0.0,0.0,0.0,0.0,0.0,-48510.0
t563,45579.99999999999,0.0,0.0,0.0,0.0,0.0,0.0,0.0,0.0,-45580.0
t564,42871.0,0.0,0.0,0.0,0.0,0.0,0.0,0.0,0.0,-42871.0
t565,40656.99999999999,0.0,0.0,0.0,0.0,0.0,0.0,0.0,0.0,-40657.0
t566,39132.99999999999,0.0,0.0,0.0,0.0,0.0,0.0,0.0,0.0,-39133.0
t567,37936.99999999999,0.0,0.0,0.0,0.0,0.0,0.0,0.0,0.0,-37937.0
t568,37397.99999999999,0.0,0.0,0.0,0.0,0.0,0.0,0.0,0.0,-37398.0
t569,37621.99999999999,0.0,0.0,0.0,0.0,0.0,0.0,0.0,0.0,-37622.0
t570,38843.0,0.0,0.0,0.0,0.0,0.0,0.0,0.0,0.0,-38843.0
t571,41672.999999999985,0.0,0.0,0.0,0.0,0.0,0.0,0.0,0.0,-41673.0
t572,42861.999999999985,0.0,0.0,0.0,0.0,0.0,0.0,0.0,0.0,-42862.0
t573,43317.99999999999,0.0,0.0,0.0,0.0,0.0,0.0,0.0,0.0,-43318.0
t574,42613.0,0.0,0.0,0.0,0.0,0.0,0.0,0.0,0.0,-42613.0
t575,40928.0,0.0,0.0,0.0,0.0,0.0,0.0,0.0,0.0,-40928.0
t576,39359.99999999999,0.0,0.0,0.0,0.0,0.0,0.0,0.0,0.0,-39360.0
t577,38607.99999999999,0.0,0.0,0.0,0.0,0.0,0.0,0.0,0.0,-38608.0
t578,38643.99999999999,0.0,0.0,0.0,0.0,0.0,0.0,0.0,0.0,-38644.0
t579,39024.99999999999,0.0,0.0,0.0,0.0,0.0,0.0,0.0,0.0,-39025.0
t580,39805.99999999999,0.0,0.0,0.0,0.0,0.0,0.0,0.0,0.0,-39806.0
t581,41435.0,0.0,0.0,0.0,0.0,0.0,0.0,0.0,0.0,-41435.0
t582,44648.0,0.0,0.0,0.0,0.0,0.0,0.0,0.0,0.0,-44648.0
t583,49073.99999999999,0.0,0.0,0.0,0.0,0.0,0.0,0.0,0.0,-49074.0
t584,50406.0,0.0,0.0,0.0,0.0,0.0,0.0,0.0,0.0,-50406.0
t585,48816.0,0.0,0.0,0.0,0.0,0.0,0.0,0.0,0.0,-48816.0
t586,46874.99999999999,0.0,0.0,0.0,0.0,0.0,0.0,0.0,0.0,-46875.0
t587,44800.0,0.0,0.0,0.0,0.0,0.0,0.0,0.0,0.0,-44800.0
t588,42650.0,0.0,0.0,0.0,0.0,0.0,0.0,0.0,0.0,-42650.0
t589,40733.99999999999,0.0,0.0,0.0,0.0,0.0,0.0,0.0,0.0,-40734.0
t590,39344.0,0.0,0.0,0.0,0.0,0.0,0.0,0.0,0.0,-39344.0
t591,38201.999999999985,0.0,0.0,0.0,0.0,0.0,0.0,0.0,0.0,-38202.0
t592,37590.99999999999,0.0,0.0,0.0,0.0,0.0,0.0,0.0,0.0,-37591.0
t593,37811.999999999985,0.0,0.0,0.0,0.0,0.0,0.0,0.0,0.0,-37812.0
t594,38771.99999999999,0.0,0.0,0.0,0.0,0.0,0.0,0.0,0.0,-38772.0
t595,40972.99999999999,0.0,0.0,0.0,0.0,0.0,0.0,0.0,0.0,-40973.0
t596,41314.99999999999,0.0,0.0,0.0,0.0,0.0,0.0,0.0,0.0,-41315.0
t597,41286.0,0.0,0.0,0.0,0.0,0.0,0.0,0.0,0.0,-41286.0
t598,40873.99999999999,0.0,0.0,0.0,0.0,0.0,0.0,0.0,0.0,-40874.0
t599,39723.99999999999,0.0,0.0,0.0,0.0,0.0,0.0,0.0,0.0,-39724.0
t600,38343.0,0.0,0.0,0.0,0.0,0.0,0.0,0.0,0.0,-38343.0
t601,37354.99999999999,0.0,0.0,0.0,0.0,0.0,0.0,0.0,0.0,-37355.0
t602,36777.0,0.0,0.0,0.0,0.0,0.0,0.0,0.0,0.0,-36777.0
t603,36532.0,0.0,0.0,0.0,0.0,0.0,0.0,0.0,0.0,-36532.0
t604,36588.0,0.0,0.0,0.0,0.0,0.0,0.0,0.0,0.0,-36588.0
t605,37096.99999999999,0.0,0.0,0.0,0.0,0.0,0.0,0.0,0.0,-37097.0
t606,38259.99999999999,0.0,0.0,0.0,0.0,0.0,0.0,0.0,0.0,-38260.0
t607,40147.99999999999,0.0,0.0,0.0,0.0,0.0,0.0,0.0,0.0,-40148.0
t608,41851.99999999999,0.0,0.0,0.0,0.0,0.0,0.0,0.0,0.0,-41852.0
t609,42578.99999999999,0.0,0.0,0.0,0.0,0.0,0.0,0.0,0.0,-42579.0
t610,42093.0,0.0,0.0,0.0,0.0,0.0,0.0,0.0,0.0,-42093.0
t611,40659.99999999999,0.0,0.0,0.0,0.0,0.0,0.0,0.0,0.0,-40660.0
t612,39038.99999999999,0.0,0.0,0.0,0.0,0.0,0.0,0.0,0.0,-39039.0
t613,37519.99999999999,0.0,0.0,0.0,0.0,0.0,0.0,0.0,0.0,-37520.0
t614,36242.00000000001,0.0,0.0,0.0,0.0,0.0,0.0,0.0,0.0,-36242.0
t615,35287.99999999999,0.0,0.0,0.0,0.0,0.0,0.0,0.0,0.0,-35288.0
t616,34739.0,0.0,0.0,0.0,0.0,0.0,0.0,0.0,0.0,-34739.0
t617,34863.0,0.0,0.0,0.0,0.0,0.0,0.0,0.0,0.0,-34863.0
t618,36079.0,0.0,0.0,0.0,0.0,0.0,0.0,0.0,0.0,-36079.0
t619,38020.999999999985,0.0,0.0,0.0,0.0,0.0,0.0,0.0,0.0,-38021.0
t620,38343.0,0.0,0.0,0.0,0.0,0.0,0.0,0.0,0.0,-38343.0
t621,38249.99999999999,0.0,0.0,0.0,0.0,0.0,0.0,0.0,0.0,-38250.0
t622,37829.99999999999,0.0,0.0,0.0,0.0,0.0,0.0,0.0,0.0,-37830.0
t623,37063.999999999985,0.0,0.0,0.0,0.0,0.0,0.0,0.0,0.0,-37064.0
t624,36040.0,0.0,0.0,0.0,0.0,0.0,0.0,0.0,0.0,-36040.0
t625,35064.0,0.0,0.0,0.0,0.0,0.0,0.0,0.0,0.0,-35064.0
t626,34729.0,0.0,0.0,0.0,0.0,0.0,0.0,0.0,0.0,-34729.0
t627,34628.0,0.0,0.0,0.0,0.0,0.0,0.0,0.0,0.0,-34628.0
t628,34985.0,0.0,0.0,0.0,0.0,0.0,0.0,0.0,0.0,-34985.0
t629,35522.0,0.0,0.0,0.0,0.0,0.0,0.0,0.0,0.0,-35522.0
t630,36574.0,0.0,0.0,0.0,0.0,0.0,0.0,0.0,0.0,-36574.0
t631,38193.99999999999,0.0,0.0,0.0,0.0,0.0,0.0,0.0,0.0,-38194.0
t632,39753.0,0.0,0.0,0.0,0.0,0.0,0.0,0.0,0.0,-39753.0
t633,40423.99999999999,0.0,0.0,0.0,0.0,0.0,0.0,0.0,0.0,-40424.0
t634,39681.0,0.0,0.0,0.0,0.0,0.0,0.0,0.0,0.0,-39681.0
t635,38156.99999999999,0.0,0.0,0.0,0.0,0.0,0.0,0.0,0.0,-38157.0
t636,36835.00000000001,0.0,0.0,0.0,0.0,0.0,0.0,0.0,0.0,-36835.0
t637,35691.0,0.0,0.0,0.0,0.0,0.0,0.0,0.0,0.0,-35691.0
t638,34818.000000000015,0.0,0.0,0.0,0.0,0.0,0.0,0.0,0.0,-34818.0
t639,34189.00000000001,0.0,0.0,0.0,0.0,0.0,0.0,0.0,0.0,-34189.0
t640,33866.000000000015,0.0,0.0,0.0,0.0,0.0,0.0,0.0,0.0,-33866.0
t641,33943.000000000015,0.0,0.0,0.0,0.0,0.0,0.0,0.0,0.0,-33943.0
t642,34891.0,0.0,0.0,0.0,0.0,0.0,0.0,0.0,0.0,-34891.0
t643,37539.0,0.0,0.0,0.0,0.0,0.0,0.0,0.0,0.0,-37539.0
t644,38609.99999999999,0.0,0.0,0.0,0.0,0.0,0.0,0.0,0.0,-38610.0
t645,38918.99999999999,0.0,0.0,0.0,0.0,0.0,0.0,0.0,0.0,-38919.0
t646,38440.99999999999,0.0,0.0,0.0,0.0,0.0,0.0,0.0,0.0,-38441.0
t647,37020.0,0.0,0.0,0.0,0.0,0.0,0.0,0.0,0.0,-37020.0
t648,35538.0,0.0,0.0,0.0,0.0,0.0,0.0,0.0,0.0,-35538.0
t649,34442.00000000001,0.0,0.0,0.0,0.0,0.0,0.0,0.0,0.0,-34442.0
t650,33945.00000000001,0.0,0.0,0.0,0.0,0.0,0.0,0.0,0.0,-33945.0
t651,34072.0,0.0,0.0,0.0,0.0,0.0,0.0,0.0,0.0,-34072.0
t652,34561.00000000001,0.0,0.0,0.0,0.0,0.0,0.0,0.0,0.0,-34561.0
t653,36026.0,0.0,0.0,0.0,0.0,0.0,0.0,0.0,0.0,-36026.0
t654,39002.99999999999,0.0,0.0,0.0,0.0,0.0,0.0,0.0,0.0,-39003.0
t655,43324.99999999999,0.0,0.0,0.0,0.0,0.0,0.0,0.0,0.0,-43325.0
t656,44474.0,0.0,0.0,0.0,0.0,0.0,0.0,0.0,0.0,-44474.0
t657,42968.99999999999,0.0,0.0,0.0,0.0,0.0,0.0,0.0,0.0,-42969.0
t658,41405.999999999985,0.0,0.0,0.0,0.0,0.0,0.0,0.0,0.0,-41406.0
t659,39849.999999999985,0.0,0.0,0.0,0.0,0.0,0.0,0.0,0.0,-39850.0
t660,38725.0,0.0,0.0,0.0,0.0,0.0,0.0,0.0,0.0,-38725.0
t661,37841.999999999985,0.0,0.0,0.0,0.0,0.0,0.0,0.0,0.0,-37842.0
t662,37420.99999999999,0.0,0.0,0.0,0.0,0.0,0.0,0.0,0.0,-37421.0
t663,36970.0,0.0,0.0,0.0,0.0,0.0,0.0,0.0,0.0,-36970.0
t664,36787.0,0.0,0.0,0.0,0.0,0.0,0.0,0.0,0.0,-36787.0
t665,37253.999999999985,0.0,0.0,0.0,0.0,0.0,0.0,0.0,0.0,-37254.0
t666,38403.99999999999,0.0,0.0,0.0,0.0,0.0,0.0,0.0,0.0,-38404.0
t667,40909.0,0.0,0.0,0.0,0.0,0.0,0.0,0.0,0.0,-40909.0
t668,41635.0,0.0,0.0,0.0,0.0,0.0,0.0,0.0,0.0,-41635.0
t669,41518.99999999999,0.0,0.0,0.0,0.0,0.0,0.0,0.0,0.0,-41519.0
t670,40497.99999999999,0.0,0.0,0.0,0.0,0.0,0.0,0.0,0.0,-40498.0
t671,38795.99999999999,0.0,0.0,0.0,0.0,0.0,0.0,0.0,0.0,-38796.0
t672,37199.99999999999,0.0,0.0,0.0,0.0,0.0,0.0,0.0,0.0,-37200.0
t673,36608.0,0.0,0.0,0.0,0.0,0.0,0.0,0.0,0.0,-36608.0
t674,36776.0,0.0,0.0,0.0,0.0,0.0,0.0,0.0,0.0,-36776.0
t675,37326.99999999999,0.0,0.0,0.0,0.0,0.0,0.0,0.0,0.0,-37327.0
t676,38496.99999999999,0.0,0.0,0.0,0.0,0.0,0.0,0.0,0.0,-38497.0
t677,40640.999999999985,0.0,0.0,0.0,0.0,0.0,0.0,0.0,0.0,-40641.0
t678,44595.0,0.0,0.0,0.0,0.0,0.0,0.0,0.0,0.0,-44595.0
t679,49811.0,0.0,0.0,0.0,0.0,0.0,0.0,0.0,0.0,-49811.0
t680,51758.0,0.0,0.0,0.0,0.0,0.0,0.0,0.0,0.0,-51758.0
t681,50302.99999999999,0.0,0.0,0.0,0.0,0.0,0.0,0.0,0.0,-50303.0
t682,48545.99999999999,0.0,0.0,0.0,0.0,0.0,0.0,0.0,0.0,-48546.0
t683,46756.0,0.0,0.0,0.0,0.0,0.0,0.0,0.0,0.0,-46756.0
t684,44927.0,0.0,0.0,0.0,0.0,0.0,0.0,0.0,0.0,-44927.0
t685,43119.0,0.0,0.0,0.0,0.0,0.0,0.0,0.0,0.0,-43119.0
t686,41644.99999999999,0.0,0.0,0.0,0.0,0.0,0.0,0.0,0.0,-41645.0
t687,40370.99999999999,0.0,0.0,0.0,0.0,0.0,0.0,0.0,0.0,-40371.0
t688,39732.0,0.0,0.0,0.0,0.0,0.0,0.0,0.0,0.0,-39732.0
t689,40437.99999999999,0.0,0.0,0.0,0.0,0.0,0.0,0.0,0.0,-40438.0
t690,42743.0,0.0,0.0,0.0,0.0,0.0,0.0,0.0,0.0,-42743.0
t691,46095.0,0.0,0.0,0.0,0.0,0.0,0.0,0.0,0.0,-46095.0
t692,46889.0,0.0,0.0,0.0,0.0,0.0,0.0,0.0,0.0,-46889.0
t693,46854.99999999999,0.0,0.0,0.0,0.0,0.0,0.0,0.0,0.0,-46855.0
t694,45617.99999999999,0.0,0.0,0.0,0.0,0.0,0.0,0.0,0.0,-45618.0
t695,43336.99999999999,0.0,0.0,0.0,0.0,0.0,0.0,0.0,0.0,-43337.0
t696,41273.99999999999,0.0,0.0,0.0,0.0,0.0,0.0,0.0,0.0,-41274.0
t697,40104.99999999999,0.0,0.0,0.0,0.0,0.0,0.0,0.0,0.0,-40105.0
t698,39666.99999999999,0.0,0.0,0.0,0.0,0.0,0.0,0.0,0.0,-39667.0
t699,39697.0,0.0,0.0,0.0,0.0,0.0,0.0,0.0,0.0,-39697.0
t700,40161.99999999999,0.0,0.0,0.0,0.0,0.0,0.0,0.0,0.0,-40162.0
t701,41548.99999999999,0.0,0.0,0.0,0.0,0.0,0.0,0.0,0.0,-41549.0
t702,44727.99999999999,0.0,0.0,0.0,0.0,0.0,0.0,0.0,0.0,-44728.0
t703,48909.00000000001,0.0,0.0,0.0,0.0,0.0,0.0,0.0,0.0,-48909.0
t704,49940.00000000001,0.0,0.0,0.0,0.0,0.0,0.0,0.0,0.0,-49940.0
t705,48737.99999999999,0.0,0.0,0.0,0.0,0.0,0.0,0.0,0.0,-48738.0
t706,47776.0,0.0,0.0,0.0,0.0,0.0,0.0,0.0,0.0,-47776.0
t707,46696.0,0.0,0.0,0.0,0.0,0.0,0.0,0.0,0.0,-46696.0
t708,45101.99999999999,0.0,0.0,0.0,0.0,0.0,0.0,0.0,0.0,-45102.0
t709,43518.99999999999,0.0,0.0,0.0,0.0,0.0,0.0,0.0,0.0,-43519.0
t710,42591.99999999999,0.0,0.0,0.0,0.0,0.0,0.0,0.0,0.0,-42592.0
t711,41598.0,0.0,0.0,0.0,0.0,0.0,0.0,0.0,0.0,-41598.0
t712,40854.99999999999,0.0,0.0,0.0,0.0,0.0,0.0,0.0,0.0,-40855.0
t713,41364.99999999999,0.0,0.0,0.0,0.0,0.0,0.0,0.0,0.0,-41365.0
t714,42937.99999999999,0.0,0.0,0.0,0.0,0.0,0.0,0.0,0.0,-42938.0
t715,45707.99999999999,0.0,0.0,0.0,0.0,0.0,0.0,0.0,0.0,-45708.0
t716,46322.99999999999,0.0,0.0,0.0,0.0,0.0,0.0,0.0,0.0,-46323.0
t717,46099.0,0.0,0.0,0.0,0.0,0.0,0.0,0.0,0.0,-46099.0
t718,44780.99999999999,0.0,0.0,0.0,0.0,0.0,0.0,0.0,0.0,-44781.0
t719,42286.0,0.0,0.0,0.0,0.0,0.0,0.0,0.0,0.0,-42286.0
t720,39917.99999999999,0.0,0.0,0.0,0.0,0.0,0.0,0.0,0.0,-39918.0
t721,38490.99999999999,0.0,0.0,0.0,0.0,0.0,0.0,0.0,0.0,-38491.0
t722,37709.0,0.0,0.0,0.0,0.0,0.0,0.0,0.0,0.0,-37709.0
t723,37312.99999999999,0.0,0.0,0.0,0.0,0.0,0.0,0.0,0.0,-37313.0
t724,37279.00000000001,0.0,0.0,0.0,0.0,0.0,0.0,0.0,0.0,-37279.0
t725,38083.99999999999,0.0,0.0,0.0,0.0,0.0,0.0,0.0,0.0,-38084.0
t726,40551.99999999999,0.0,0.0,0.0,0.0,0.0,0.0,0.0,0.0,-40552.0
t727,44186.0,0.0,0.0,0.0,0.0,0.0,0.0,0.0,0.0,-44186.0
t728,45158.0,0.0,0.0,0.0,0.0,0.0,0.0,0.0,0.0,-45158.0
t729,44281.0,0.0,0.0,0.0,0.0,0.0,0.0,0.0,0.0,-44281.0
t730,43754.99999999999,0.0,0.0,0.0,0.0,0.0,0.0,0.0,0.0,-43755.0
t731,43190.999999999985,0.0,0.0,0.0,0.0,0.0,0.0,0.0,0.0,-43191.0
t732,42326.99999999999,0.0,0.0,0.0,0.0,0.0,0.0,0.0,0.0,-42327.0
t733,41371.99999999999,0.0,0.0,0.0,0.0,0.0,0.0,0.0,0.0,-41372.0
t734,40709.99999999999,0.0,0.0,0.0,0.0,0.0,0.0,0.0,0.0,-40710.0
t735,40059.99999999999,0.0,0.0,0.0,0.0,0.0,0.0,0.0,0.0,-40060.0
t736,39634.99999999999,0.0,0.0,0.0,0.0,0.0,0.0,0.0,0.0,-39635.0
t737,39945.0,0.0,0.0,0.0,0.0,0.0,0.0,0.0,0.0,-39945.0
t738,40868.99999999999,0.0,0.0,0.0,0.0,0.0,0.0,0.0,0.0,-40869.0
t739,42141.99999999999,0.0,0.0,0.0,0.0,0.0,0.0,0.0,0.0,-42142.0
t740,42037.99999999999,0.0,0.0,0.0,0.0,0.0,0.0,0.0,0.0,-42038.0
t741,41241.99999999999,0.0,0.0,0.0,0.0,0.0,0.0,0.0,0.0,-41242.0
t742,39494.99999999999,0.0,0.0,0.0,0.0,0.0,0.0,0.0,0.0,-39495.0
t743,36999.0,0.0,0.0,0.0,0.0,0.0,0.0,0.0,0.0,-36999.0
t744,34578.0,0.0,0.0,0.0,0.0,0.0,0.0,0.0,0.0,-34578.0
t745,32980.0,0.0,0.0,0.0,0.0,0.0,0.0,0.0,0.0,-32980.0
t746,31997.999999999996,0.0,0.0,0.0,0.0,0.0,0.0,0.0,0.0,-31998.0
t747,31604.999999999993,0.0,0.0,0.0,0.0,0.0,0.0,0.0,0.0,-31605.0
t748,31662.999999999996,0.0,0.0,0.0,0.0,0.0,0.0,0.0,0.0,-31663.0
t749,32347.999999999993,0.0,0.0,0.0,0.0,0.0,0.0,0.0,0.0,-32348.0
t750,34543.0,0.0,0.0,0.0,0.0,0.0,0.0,0.0,0.0,-34543.0
t751,38068.99999999999,0.0,0.0,0.0,0.0,0.0,0.0,0.0,0.0,-38069.0
t752,39355.99999999999,0.0,0.0,0.0,0.0,0.0,0.0,0.0,0.0,-39356.0
t753,39042.99999999999,0.0,0.0,0.0,0.0,0.0,0.0,0.0,0.0,-39043.0
t754,38968.99999999999,0.0,0.0,0.0,0.0,0.0,0.0,0.0,0.0,-38969.0
t755,38683.99999999999,0.0,0.0,0.0,0.0,0.0,0.0,0.0,0.0,-38684.0
t756,38163.0,0.0,0.0,0.0,0.0,0.0,0.0,0.0,0.0,-38163.0
t757,37493.99999999999,0.0,0.0,0.0,0.0,0.0,0.0,0.0,0.0,-37494.0
t758,37162.99999999999,0.0,0.0,0.0,0.0,0.0,0.0,0.0,0.0,-37163.0
t759,36738.00000000001,0.0,0.0,0.0,0.0,0.0,0.0,0.0,0.0,-36738.0
t760,36438.0,0.0,0.0,0.0,0.0,0.0,0.0,0.0,0.0,-36438.0
t761,36339.0,0.0,0.0,0.0,0.0,0.0,0.0,0.0,0.0,-36339.0
t762,36855.00000000001,0.0,0.0,0.0,0.0,0.0,0.0,0.0,0.0,-36855.0
t763,37991.99999999999,0.0,0.0,0.0,0.0,0.0,0.0,0.0,0.0,-37992.0
t764,37890.0,0.0,0.0,0.0,0.0,0.0,0.0,0.0,0.0,-37890.0
t765,37314.99999999999,0.0,0.0,0.0,0.0,0.0,0.0,0.0,0.0,-37315.0
t766,36492.0,0.0,0.0,0.0,0.0,0.0,0.0,0.0,0.0,-36492.0
t767,35002.99999999999,0.0,0.0,0.0,0.0,0.0,0.0,0.0,0.0,-35003.0
t768,33192.0,0.0,0.0,0.0,0.0,0.0,0.0,0.0,0.0,-33192.0
t769,31679.999999999996,0.0,0.0,0.0,0.0,0.0,0.0,0.0,0.0,-31680.0
t770,30812.999999999996,0.0,0.0,0.0,0.0,0.0,0.0,0.0,0.0,-30813.0
t771,30319.999999999993,0.0,0.0,0.0,0.0,0.0,0.0,0.0,0.0,-30320.0
t772,30035.999999999996,0.0,0.0,0.0,0.0,0.0,0.0,0.0,0.0,-30036.0
t773,30295.999999999993,0.0,0.0,0.0,0.0,0.0,0.0,0.0,0.0,-30296.0
t774,31126.999999999996,0.0,0.0,0.0,0.0,0.0,0.0,0.0,0.0,-31127.0
t775,32489.999999999996,0.0,0.0,0.0,0.0,0.0,0.0,0.0,0.0,-32490.000000000004
t776,33885.0,0.0,0.0,0.0,0.0,0.0,0.0,0.0,0.0,-33885.0
t777,35211.0,0.0,0.0,0.0,0.0,0.0,0.0,0.0,0.0,-35211.0
t778,36306.00000000001,0.0,0.0,0.0,0.0,0.0,0.0,0.0,0.0,-36306.0
t779,36818.99999999999,0.0,0.0,0.0,0.0,0.0,0.0,0.0,0.0,-36819.0
t780,36773.99999999999,0.0,0.0,0.0,0.0,0.0,0.0,0.0,0.0,-36774.0
t781,36229.0,0.0,0.0,0.0,0.0,0.0,0.0,0.0,0.0,-36229.0
t782,35556.0,0.0,0.0,0.0,0.0,0.0,0.0,0.0,0.0,-35556.0
t783,34945.0,0.0,0.0,0.0,0.0,0.0,0.0,0.0,0.0,-34945.0
t784,34705.00000000001,0.0,0.0,0.0,0.0,0.0,0.0,0.0,0.0,-34705.0
t785,34667.00000000001,0.0,0.0,0.0,0.0,0.0,0.0,0.0,0.0,-34667.0
t786,35220.00000000001,0.0,0.0,0.0,0.0,0.0,0.0,0.0,0.0,-35220.0
t787,36456.0,0.0,0.0,0.0,0.0,0.0,0.0,0.0,0.0,-36456.0
t788,36340.00000000001,0.0,0.0,0.0,0.0,0.0,0.0,0.0,0.0,-36340.0
t789,35839.0,0.0,0.0,0.0,0.0,0.0,0.0,0.0,0.0,-35839.0
t790,35099.0,0.0,0.0,0.0,0.0,0.0,0.0,0.0,0.0,-35099.0
t791,33841.00000000001,0.0,0.0,0.0,0.0,0.0,0.0,0.0,0.0,-33841.0
t792,32364.000000000004,0.0,0.0,0.0,0.0,0.0,0.0,0.0,0.0,-32363.999999999996
