Closing Price,Date
2.989,1/1/2012
2.989,1/2/2012
2.989,1/3/2012
2.95,1/4/2012
2.96,1/5/2012
2.905,1/6/2012
2.883,1/9/2012
2.92,1/10/2012
2.976,1/11/2012
2.808,1/12/2012
2.715,1/13/2012
2.67,1/17/2012
2.512,1/18/2012
2.489,1/19/2012
2.36,1/20/2012
2.214,1/23/2012
2.4,1/24/2012
2.625,1/25/2012
2.612,1/26/2012
2.692,1/27/2012
2.594,1/30/2012
2.715,1/31/2012
2.514,2/1/2012
2.315,2/2/2012
2.303,2/3/2012
2.412,2/6/2012
2.501,2/7/2012
2.604,2/8/2012
2.486,2/9/2012
2.496,2/10/2012
2.518,2/13/2012
2.414,2/14/2012
2.487,2/15/2012
2.538,2/16/2012
2.476,2/17/2012
2.672,2/20/2012
2.672,2/21/2012
2.635,2/22/2012
2.599,2/23/2012
2.674,2/24/2012
2.601,2/27/2012
2.547,2/28/2012
2.414,2/29/2012
2.436,3/1/2012
2.424,3/2/2012
2.374,3/5/2012
2.314,3/6/2012
2.301,3/7/2012
2.234,3/8/2012
2.225,3/9/2012
2.209,3/12/2012
2.167,3/13/2012
2.131,3/14/2012
2.097,3/15/2012
2.082,3/16/2012
2.053,3/19/2012
2.138,3/20/2012
2.193,3/21/2012
2.186,3/22/2012
2.189,3/23/2012
2.066,3/26/2012
2.145,3/27/2012
2.079,3/28/2012
2.039,3/29/2012
2.012,3/30/2012
1.972,4/2/2012
1.88,4/3/2012
1.981,4/4/2012
2.058,4/5/2012
1.99,4/6/2012
1.993,4/10/2012
1.975,4/11/2012
1.911,4/12/2012
1.878,4/13/2012
1.873,4/16/2012
1.878,4/17/2012
1.878,4/18/2012
1.869,4/19/2012
1.85,4/20/2012
1.858,4/23/2012
1.932,4/24/2012
1.987,4/25/2012
2.009,4/26/2012
2.111,4/27/2012
2.055,4/30/2012
2.105,5/1/2012
2.287,5/2/2012
2.311,5/3/2012
2.291,5/4/2012
2.309,5/7/2012
2.294,5/8/2012
2.261,5/9/2012
2.362,5/10/2012
2.359,5/11/2012
2.374,5/14/2012
2.403,5/15/2012
2.413,5/16/2012
2.497,5/17/2012
2.604,5/18/2012
2.556,5/21/2012
2.596,5/22/2012
2.575,5/23/2012
2.589,5/24/2012
2.668,5/25/2012
2.572,5/29/2012
2.494,5/30/2012
2.396,5/31/2012
2.34,6/1/2012
2.245,6/4/2012
2.335,6/5/2012
2.4,6/6/2012
2.41,6/7/2012
2.322,6/8/2012
2.215,6/11/2012
2.23,6/12/2012
2.187,6/13/2012
2.19,6/14/2012
2.209,6/15/2012
2.417,6/18/2012
2.46,6/19/2012
2.595,6/20/2012
2.609,6/21/2012
2.476,6/22/2012
2.505,6/25/2012
2.697,6/26/2012
2.702,6/27/2012
2.891,6/28/2012
2.806,6/29/2012
2.736,7/2/2012
2.73,7/3/2012
2.771,7/5/2012
2.908,7/6/2012
2.941,7/9/2012
2.787,7/10/2012
2.866,7/11/2012
2.715,7/12/2012
2.832,7/13/2012
2.883,7/16/2012
2.923,7/17/2012
2.83,7/18/2012
2.838,7/19/2012
2.992,7/20/2012
3.029,7/23/2012
3.051,7/24/2012
3.17,7/25/2012
3.183,7/26/2012
3.135,7/27/2012
3.09,7/30/2012
3.15,7/31/2012
3.206,8/1/2012
3.199,8/2/2012
3.149,8/3/2012
2.93,8/6/2012
2.906,8/7/2012
2.994,8/8/2012
2.958,8/9/2012
2.894,8/10/2012
2.841,8/13/2012
2.781,8/14/2012
2.807,8/15/2012
2.818,8/16/2012
2.775,8/17/2012
2.702,8/20/2012
2.75,8/21/2012
2.8,8/22/2012
2.801,8/23/2012
2.817,8/24/2012
2.781,8/27/2012
2.789,8/28/2012
2.723,8/29/2012
2.637,8/30/2012
2.735,8/31/2012
2.761,9/4/2012
2.805,9/5/2012
2.874,9/6/2012
2.844,9/7/2012
2.734,9/10/2012
2.669,9/11/2012
2.834,9/12/2012
2.955,9/13/2012
3.014,9/14/2012
2.946,9/17/2012
2.83,9/18/2012
2.751,9/19/2012
2.752,9/20/2012
2.76,9/21/2012
2.827,9/24/2012
2.823,9/25/2012
2.846,9/26/2012
2.92,9/27/2012
3.018,9/28/2012
3.059,10/1/2012
3.187,10/2/2012
3.201,10/3/2012
3.206,10/4/2012
3.246,10/5/2012
3.271,10/8/2012
3.173,10/9/2012
3.179,10/10/2012
3.254,10/11/2012
3.282,10/12/2012
3.368,10/15/2012
3.332,10/16/2012
3.265,10/17/2012
3.27,10/18/2012
3.307,10/19/2012
3.433,10/22/2012
3.49,10/23/2012
3.346,10/24/2012
3.444,10/25/2012
3.394,10/26/2012
3.349,10/29/2012
3.428,10/30/2012
3.422,10/31/2012
3.513,11/1/2012
3.5,11/2/2012
3.388,11/5/2012
3.345,11/6/2012
3.415,11/7/2012
3.471,11/8/2012
3.452,11/9/2012
3.314,11/12/2012
3.41,11/13/2012
3.583,11/14/2012
3.668,11/15/2012
3.635,11/16/2012
3.483,11/19/2012
3.634,11/20/2012
3.625,11/21/2012
3.59,11/23/2012
3.59,11/26/2012
3.745,11/27/2012
3.772,11/28/2012
3.701,11/29/2012
3.611,11/30/2012
3.501,12/3/2012
3.424,12/4/2012
3.351,12/5/2012
3.39,12/6/2012
3.443,12/7/2012
3.326,12/10/2012
3.365,12/11/2012
3.384,12/12/2012
3.331,12/13/2012
3.268,12/14/2012
3.145,12/17/2012
3.214,12/18/2012
3.288,12/19/2012
3.25,12/20/2012
3.343,12/21/2012
3.418,12/24/2012
3.299,12/26/2012
3.334,12/27/2012
3.31,12/28/2012
3.413,12/31/2012
3.381,1/2/2013
3.292,1/3/2013
3.183,1/4/2013
3.185,1/7/2013
3.297,1/8/2013
3.208,1/9/2013
3.129,1/10/2013
3.08,1/11/2013
3.185,1/14/2013
3.385,1/15/2013
3.4,1/16/2013
3.427,1/17/2013
3.438,1/18/2013
3.539,1/21/2013
3.646,1/23/2013
3.529,1/24/2013
3.549,1/25/2013
3.423,1/28/2013
3.238,1/29/2013
3.161,1/30/2013
3.252,1/31/2013
3.328,2/1/2013
3.33,2/4/2013
3.282,2/5/2013
3.333,2/6/2013
3.412,2/7/2013
3.372,2/8/2013
3.257,2/11/2013
3.209,2/12/2013
3.306,2/13/2013
3.29,2/14/2013
3.287,2/15/2013
3.204,2/18/2013
3.238,2/20/2013
3.336,2/21/2013
3.291,2/22/2013
3.274,2/25/2013
3.428,2/26/2013
3.468,2/27/2013
3.481,2/28/2013
3.501,3/1/2013
3.545,3/4/2013
3.526,3/5/2013
3.629,3/6/2013
3.57,3/7/2013
3.538,3/8/2013
3.575,3/11/2013
3.634,3/12/2013
3.714,3/13/2013
3.722,3/14/2013
3.751,3/15/2013
3.877,3/18/2013
3.987,3/19/2013
3.959,3/20/2013
3.96,3/21/2013
4.017,3/22/2013
4.003,3/25/2013
4.098,3/26/2013
3.993,3/27/2013
4.094,3/28/2013
4.032,4/1/2013
3.957,4/2/2013
4.083,4/3/2013
4,4/4/2013
3.939,4/5/2013
4.048,4/8/2013
4.18,4/9/2013
4.084,4/10/2013
4.058,4/11/2013
4.11,4/12/2013
4.223,4/15/2013
4.235,4/16/2013
4.208,4/17/2013
4.21,4/18/2013
4.232,4/19/2013
4.376,4/22/2013
4.33,4/23/2013
4.27,4/24/2013
4.25,4/25/2013
4.18,4/26/2013
4.155,4/29/2013
4.272,4/30/2013
4.31,5/1/2013
4.304,5/2/2013
4.282,5/3/2013
3.954,5/6/2013
3.921,5/7/2013
3.883,5/8/2013
3.869,5/9/2013
3.877,5/10/2013
3.91,5/13/2013
3.875,5/14/2013
3.94,5/15/2013
4.027,5/16/2013
3.994,5/17/2013
3.887,5/20/2013
4.12,5/21/2013
4.135,5/22/2013
4.169,5/23/2013
4.138,5/24/2013
4.154,5/28/2013
4.176,5/29/2013
4.148,5/30/2013
4.1,5/31/2013
4.027,6/3/2013
4,6/4/2013
4.008,6/5/2013
3.984,6/6/2013
3.912,6/7/2013
3.78,6/10/2013
3.854,6/11/2013
3.766,6/12/2013
3.739,6/13/2013
3.727,6/14/2013
3.772,6/17/2013
3.787,6/18/2013
3.9,6/19/2013
3.932,6/20/2013
3.899,6/21/2013
3.83,6/24/2013
3.812,6/25/2013
3.771,6/26/2013
3.724,6/27/2013
3.728,6/28/2013
3.555,7/1/2013
3.536,7/2/2013
3.577,7/3/2013
3.518,7/5/2013
3.515,7/8/2013
3.657,7/9/2013
3.697,7/10/2013
3.704,7/11/2013
3.643,7/12/2013
3.606,7/15/2013
3.691,7/16/2013
3.69,7/17/2013
3.671,7/18/2013
3.676,7/19/2013
3.787,7/22/2013
3.709,7/23/2013
3.697,7/24/2013
3.701,7/25/2013
3.661,7/26/2013
3.597,7/29/2013
3.475,7/30/2013
3.494,7/31/2013
3.454,8/1/2013
3.435,8/2/2013
3.385,8/5/2013
3.33,8/6/2013
3.38,8/7/2013
3.325,8/8/2013
3.278,8/9/2013
3.315,8/12/2013
3.366,8/13/2013
3.346,8/14/2013
3.36,8/15/2013
3.329,8/16/2013
3.346,8/19/2013
3.456,8/20/2013
3.494,8/21/2013
3.508,8/22/2013
3.52,8/23/2013
3.503,8/26/2013
3.583,8/27/2013
3.495,8/28/2013
3.561,8/29/2013
3.589,8/30/2013
3.59,9/3/2013
3.643,9/4/2013
3.679,9/5/2013
3.697,9/6/2013
3.545,9/9/2013
3.616,9/10/2013
3.649,9/11/2013
3.603,9/12/2013
3.574,9/13/2013
3.604,9/16/2013
3.636,9/17/2013
3.77,9/18/2013
3.718,9/19/2013
3.725,9/20/2013
3.678,9/23/2013
3.659,9/24/2013
3.585,9/25/2013
3.522,9/26/2013
3.486,9/27/2013
3.507,9/30/2013
3.48,10/1/2013
3.562,10/2/2013
3.629,10/3/2013
3.581,10/4/2013
3.568,10/7/2013
3.617,10/8/2013
3.719,10/9/2013
3.701,10/10/2013
3.741,10/11/2013
3.724,10/14/2013
3.819,10/15/2013
3.83,10/16/2013
3.844,10/17/2013
3.749,10/18/2013
3.72,10/21/2013
3.768,10/22/2013
3.701,10/23/2013
3.66,10/24/2013
3.645,10/25/2013
3.686,10/28/2013
3.608,10/29/2013
3.565,10/30/2013
3.554,10/31/2013
3.568,11/1/2013
3.453,11/4/2013
3.378,11/5/2013
3.369,11/6/2013
3.464,11/7/2013
3.585,11/8/2013
3.544,11/11/2013
3.624,11/12/2013
3.694,11/13/2013
3.686,11/14/2013
3.523,11/15/2013
3.559,11/18/2013
3.709,11/19/2013
3.631,11/20/2013
3.625,11/21/2013
3.68,11/22/2013
3.775,11/25/2013
3.852,11/26/2013
3.871,11/27/2013
3.871,11/29/2013
3.84,12/2/2013
3.853,12/3/2013
3.841,12/4/2013
3.893,12/5/2013
3.968,12/6/2013
4.145,12/9/2013
4.242,12/10/2013
4.325,12/11/2013
4.236,12/12/2013
4.401,12/13/2013
4.443,12/16/2013
4.206,12/17/2013
4.2,12/18/2013
4.25,12/19/2013
4.247,12/20/2013
4.351,12/23/2013
4.524,12/24/2013
4.477,12/26/2013
4.401,12/27/2013
4.344,12/30/2013
4.412,12/31/2013
4.307,1/2/2014
4.321,1/3/2014
4.391,1/6/2014
4.499,1/7/2014
4.583,1/8/2014
4.359,1/9/2014
4.151,1/10/2014
3.948,1/13/2014
4.194,1/14/2014
4.361,1/15/2014
4.453,1/16/2014
4.546,1/17/2014
4.39,1/21/2014
4.608,1/22/2014
4.922,1/23/2014
5.637,1/24/2014
5.165,1/27/2014
5.659,1/28/2014
5.251,1/29/2014
5.226,1/30/2014
5.272,1/31/2014
5.04,2/3/2014
5.039,2/4/2014
5.775,2/5/2014
8.115,2/6/2014
6.899,2/7/2014
5.92,2/10/2014
8.147,2/11/2014
7.754,2/12/2014
5.955,2/13/2014
5.336,2/14/2014
5.542,2/17/2014
5.8,2/19/2014
6,2/20/2014
5.957,2/21/2014
6.238,2/24/2014
6.075,2/25/2014
5.206,2/26/2014
4.808,2/27/2014
4.614,2/28/2014
4.804,3/3/2014
7.092,3/4/2014
7.983,3/5/2014
6.457,3/6/2014
4.885,3/7/2014
4.775,3/10/2014
4.671,3/11/2014
4.671,3/12/2014
4.721,3/13/2014
4.41,3/14/2014
4.403,3/17/2014
4.574,3/18/2014
4.422,3/19/2014
4.428,3/20/2014
4.39,3/21/2014
4.327,3/24/2014
4.416,3/25/2014
4.529,3/26/2014
4.443,3/27/2014
4.394,3/28/2014
4.496,3/31/2014
4.48,4/1/2014
4.387,4/2/2014
4.385,4/3/2014
4.512,4/4/2014
4.491,4/7/2014
4.578,4/8/2014
4.573,4/9/2014
4.665,4/10/2014
4.565,4/11/2014
4.674,4/14/2014
4.643,4/15/2014
4.692,4/16/2014
4.64,4/17/2014
4.587,4/18/2014
4.587,4/21/2014
4.762,4/22/2014
4.756,4/23/2014
4.813,4/24/2014
4.827,4/25/2014
4.716,4/28/2014
4.781,4/29/2014
4.836,4/30/2014
4.794,5/1/2014
4.792,5/2/2014
4.725,5/5/2014
4.729,5/6/2014
4.799,5/7/2014
4.823,5/8/2014
4.767,5/9/2014
4.587,5/12/2014
4.515,5/13/2014
4.469,5/14/2014
4.429,5/15/2014
4.42,5/16/2014
4.471,5/19/2014
4.536,5/20/2014
4.529,5/21/2014
4.573,5/22/2014
4.529,5/23/2014
4.402,5/27/2014
4.427,5/28/2014
4.559,5/29/2014
4.627,5/30/2014
4.488,6/2/2014
4.535,6/3/2014
4.62,6/4/2014
4.58,6/5/2014
4.657,6/6/2014
4.658,6/9/2014
4.673,6/10/2014
4.618,6/11/2014
4.512,6/12/2014
4.507,6/13/2014
4.696,6/16/2014
4.714,6/17/2014
4.68,6/18/2014
4.725,6/19/2014
4.668,6/20/2014
4.533,6/23/2014
4.488,6/24/2014
4.502,6/25/2014
4.584,6/26/2014
4.567,6/27/2014
4.389,6/30/2014
4.427,7/1/2014
4.466,7/2/2014
4.426,7/3/2014
4.306,7/7/2014
4.284,7/8/2014
4.18,7/9/2014
4.166,7/10/2014
4.152,7/11/2014
4.127,7/14/2014
4.125,7/15/2014
4.134,7/16/2014
4.157,7/17/2014
4.043,7/18/2014
4.08,7/21/2014
3.867,7/22/2014
3.813,7/23/2014
3.826,7/24/2014
3.826,7/25/2014
3.858,7/28/2014
3.844,7/29/2014
3.785,7/30/2014
3.776,7/31/2014
3.813,8/1/2014
3.77,8/4/2014
3.871,8/5/2014
3.923,8/6/2014
3.916,8/7/2014
3.991,8/8/2014
3.94,8/11/2014
4.001,8/12/2014
3.941,8/13/2014
3.895,8/14/2014
3.854,8/15/2014
3.798,8/18/2014
3.775,8/19/2014
3.837,8/20/2014
3.881,8/21/2014
3.882,8/22/2014
3.895,8/25/2014
3.94,8/26/2014
3.99,8/27/2014
4.022,8/28/2014
4.057,8/29/2014
4.043,9/2/2014
4.008,9/3/2014
3.938,9/4/2014
3.909,9/5/2014
3.861,9/8/2014
3.864,9/9/2014
3.932,9/10/2014
3.984,9/11/2014
3.938,9/12/2014
3.823,9/15/2014
3.92,9/16/2014
3.854,9/17/2014
3.974,9/18/2014
3.991,9/19/2014
3.875,9/22/2014
3.879,9/23/2014
3.895,9/24/2014
3.839,9/25/2014
3.891,9/26/2014
3.921,9/29/2014
4.021,9/30/2014
4.141,10/1/2014
4.14,10/2/2014
3.995,10/3/2014
3.938,10/6/2014
3.888,10/7/2014
3.879,10/8/2014
3.884,10/9/2014
3.87,10/10/2014
3.856,10/13/2014
3.872,10/14/2014
3.912,10/15/2014
3.813,10/16/2014
3.798,10/17/2014
3.725,10/20/2014
3.694,10/21/2014
3.617,10/22/2014
3.69,10/23/2014
3.601,10/24/2014
3.527,10/27/2014
3.555,10/28/2014
3.526,10/29/2014
3.601,10/30/2014
3.755,10/31/2014
3.823,11/3/2014
3.744,11/4/2014
3.667,11/5/2014
3.832,11/6/2014
3.924,11/7/2014
4.03,11/10/2014
4.184,11/11/2014
4.103,11/12/2014
4.197,11/13/2014
4.166,11/14/2014
4.05,11/17/2014
4.259,11/18/2014
4.331,11/19/2014
4.407,11/20/2014
4.428,11/21/2014
4.315,11/24/2014
4.087,11/25/2014
4.151,11/26/2014
4.149,11/28/2014
4.3,12/1/2014
3.895,12/2/2014
3.771,12/3/2014
3.633,12/4/2014
3.537,12/5/2014
3.419,12/8/2014
3.534,12/9/2014
3.632,12/10/2014
3.65,12/11/2014
3.683,12/12/2014
3.571,12/15/2014
3.715,12/16/2014
3.579,12/17/2014
3.721,12/18/2014
3.712,12/19/2014
3.464,12/22/2014
3.054,12/23/2014
2.991,12/24/2014
2.735,12/26/2014
2.735,12/29/2014
3.065,12/30/2014
3.137,12/31/2014
3.031,1/2/2015
3.006,1/5/2015
3.217,1/6/2015
2.984,1/7/2015
3.08,1/8/2015
2.92,1/9/2015
2.963,1/12/2015
2.898,1/13/2015
2.918,1/14/2015
3.149,1/15/2015
3.321,1/16/2015
3.105,1/20/2015
2.944,1/21/2015
2.953,1/22/2015
2.947,1/23/2015
2.955,1/26/2015
2.921,1/27/2015
2.96,1/28/2015
2.89,1/29/2015
2.878,1/30/2015
2.694,2/2/2015
2.658,2/3/2015
2.668,2/4/2015
2.731,2/5/2015
2.656,2/6/2015
2.563,2/9/2015
2.618,2/10/2015
2.666,2/11/2015
2.863,2/12/2015
2.861,2/13/2015
2.746,2/16/2015
2.746,2/17/2015
2.957,2/18/2015
2.923,2/19/2015
2.972,2/20/2015
3.016,2/23/2015
3.215,2/24/2015
3.126,2/25/2015
3.209,2/26/2015
3.11,2/27/2015
2.785,3/2/2015
2.89,3/3/2015
3.003,3/4/2015
3.266,3/5/2015
3.274,3/6/2015
2.893,3/9/2015
2.747,3/10/2015
2.758,3/11/2015
2.794,3/12/2015
2.819,3/13/2015
2.721,3/16/2015
2.682,3/17/2015
2.817,3/18/2015
2.795,3/19/2015
2.863,3/20/2015
2.893,3/23/2015
2.723,3/24/2015
2.789,3/25/2015
2.773,3/26/2015
2.764,3/27/2015
2.654,3/30/2015
2.641,3/31/2015
2.653,4/1/2015
2.619,4/2/2015
2.63,4/6/2015
2.643,4/7/2015
2.71,4/8/2015
2.72,4/9/2015
2.641,4/10/2015
2.583,4/13/2015
2.583,4/14/2015
2.568,4/15/2015
2.624,4/16/2015
2.612,4/17/2015
2.665,4/20/2015
2.57,4/21/2015
2.594,4/22/2015
2.629,4/23/2015
2.59,4/24/2015
2.593,4/27/2015
2.503,4/28/2015
2.551,4/29/2015
2.574,4/30/2015
2.558,5/1/2015
2.683,5/4/2015
2.719,5/5/2015
2.759,5/6/2015
2.744,5/7/2015
2.775,5/8/2015
2.778,5/11/2015
2.854,5/12/2015
2.848,5/13/2015
2.868,5/14/2015
2.87,5/15/2015
2.959,5/18/2015
3.005,5/19/2015
3.061,5/20/2015
3.043,5/21/2015
2.955,5/22/2015
2.878,5/26/2015
2.82,5/27/2015
2.837,5/28/2015
2.781,5/29/2015
2.66,6/1/2015
2.615,6/2/2015
2.628,6/3/2015
2.65,6/4/2015
2.601,6/5/2015
2.558,6/8/2015
2.723,6/9/2015
2.807,6/10/2015
2.936,6/11/2015
2.877,6/12/2015
2.765,6/15/2015
2.89,6/16/2015
2.944,6/17/2015
2.931,6/18/2015
2.857,6/19/2015
2.81,6/22/2015
2.786,6/23/2015
2.83,6/24/2015
2.777,6/25/2015
2.795,6/26/2015
2.774,6/29/2015
2.802,6/30/2015
2.777,7/1/2015
2.823,7/2/2015
2.788,7/6/2015
2.764,7/7/2015
2.77,7/8/2015
2.745,7/9/2015
2.704,7/10/2015
2.768,7/13/2015
2.88,7/14/2015
2.951,7/15/2015
2.926,7/16/2015
2.9,7/17/2015
2.884,7/20/2015
2.837,7/21/2015
2.924,7/22/2015
2.888,7/23/2015
2.92,7/24/2015
2.811,7/27/2015
2.843,7/28/2015
2.891,7/29/2015
2.908,7/30/2015
2.865,7/31/2015
2.761,8/3/2015
2.759,8/4/2015
2.832,8/5/2015
2.854,8/6/2015
2.763,8/7/2015
2.824,8/10/2015
2.851,8/11/2015
2.844,8/12/2015
2.933,8/13/2015
2.935,8/14/2015
2.825,8/17/2015
2.786,8/18/2015
2.709,8/19/2015
2.77,8/20/2015
2.726,8/21/2015
2.701,8/24/2015
2.647,8/25/2015
2.707,8/26/2015
2.733,8/27/2015
2.687,8/28/2015
2.656,8/31/2015
2.7,9/1/2015
2.749,9/2/2015
2.741,9/3/2015
2.673,9/4/2015
2.671,9/8/2015
2.738,9/9/2015
2.737,9/10/2015
2.707,9/11/2015
2.668,9/14/2015
2.704,9/15/2015
2.743,9/16/2015
2.688,9/17/2015
2.685,9/18/2015
2.629,9/21/2015
2.607,9/22/2015
2.586,9/23/2015
2.624,9/24/2015
2.581,9/25/2015
2.599,9/28/2015
2.655,9/29/2015
2.568,9/30/2015
2.47,10/1/2015
2.368,10/2/2015
2.296,10/5/2015
2.337,10/6/2015
2.352,10/7/2015
2.503,10/8/2015
2.49,10/9/2015
2.42,10/12/2015
2.48,10/13/2015
2.474,10/14/2015
2.466,10/15/2015
2.54,10/16/2015
2.42,10/19/2015
2.429,10/20/2015
2.461,10/21/2015
2.372,10/22/2015
2.37,10/23/2015
2.279,10/26/2015
2.178,10/27/2015
2.137,10/28/2015
2.141,10/29/2015
2.147,10/30/2015
1.983,11/2/2015
1.922,11/3/2015
1.916,11/4/2015
2.04,11/5/2015
2.121,11/6/2015
2.191,11/9/2015
2.099,11/10/2015
2.141,11/11/2015
2.134,11/12/2015
2.05,11/13/2015
2.022,11/16/2015
2.164,11/17/2015
2.048,11/18/2015
2.096,11/19/2015
2.213,11/20/2015
2.179,11/23/2015
2.184,11/24/2015
2.141,11/25/2015
2.057,11/30/2015
2.114,12/1/2015
2.167,12/2/2015
2.185,12/3/2015
2.136,12/4/2015
2.095,12/7/2015
2.058,12/8/2015
2.008,12/9/2015
1.999,12/10/2015
1.947,12/11/2015
1.785,12/14/2015
1.701,12/15/2015
1.663,12/16/2015
1.704,12/17/2015
1.793,12/18/2015
1.74,12/21/2015
1.761,12/22/2015
1.732,12/23/2015
1.629,12/24/2015
1.558,12/28/2015
2.109,12/29/2015
2.392,12/30/2015
2.279,12/31/2015
2.317,1/4/2016
2.387,1/5/2016
2.33,1/6/2016
2.373,1/7/2016
2.346,1/8/2016
2.471,1/11/2016
2.536,1/12/2016
2.403,1/13/2016
2.277,1/14/2016
2.211,1/15/2016
2.184,1/19/2016
2.229,1/20/2016
2.175,1/21/2016
2.219,1/22/2016
2.21,1/25/2016
2.16,1/26/2016
2.263,1/27/2016
2.264,1/28/2016
2.149,1/29/2016
2.284,2/1/2016
2.215,2/2/2016
2.07,2/3/2016
2.057,2/4/2016
2.067,2/5/2016
2.084,2/8/2016
2.233,2/9/2016
2.173,2/10/2016
2.156,2/11/2016
2.15,2/12/2016
2.081,2/16/2016
1.95,2/17/2016
1.93,2/18/2016
1.893,2/19/2016
1.834,2/22/2016
1.857,2/23/2016
1.845,2/24/2016
1.79,2/25/2016
1.784,2/26/2016
1.691,2/29/2016
1.615,3/1/2016
1.568,3/2/2016
1.6,3/3/2016
1.591,3/4/2016
1.49,3/7/2016
1.558,3/8/2016
1.597,3/9/2016
1.605,3/10/2016
1.722,3/11/2016
1.736,3/14/2016
1.684,3/15/2016
1.809,3/16/2016
1.773,3/17/2016
1.844,3/18/2016
1.837,3/21/2016
1.79,3/22/2016
1.793,3/23/2016
1.832,3/24/2016
1.78,3/28/2016
1.732,3/29/2016
1.771,3/30/2016
1.874,3/31/2016
1.983,4/1/2016
1.879,4/4/2016
1.956,4/5/2016
1.916,4/6/2016
1.909,4/7/2016
1.962,4/8/2016
1.991,4/11/2016
1.897,4/12/2016
1.972,4/13/2016
2.005,4/14/2016
1.927,4/15/2016
1.705,4/18/2016
1.764,4/19/2016
1.94,4/20/2016
2.027,4/21/2016
1.955,4/22/2016
1.924,4/25/2016
1.967,4/26/2016
1.897,4/27/2016
1.88,4/28/2016
1.89,4/29/2016
1.891,5/2/2016
1.91,5/3/2016
1.94,5/4/2016
2.03,5/5/2016
2.05,5/6/2016
1.863,5/9/2016
2.012,5/10/2016
2.039,5/11/2016
2.01,5/12/2016
2.01,5/13/2016
1.96,5/16/2016
1.91,5/17/2016
1.965,5/18/2016
1.91,5/19/2016
1.83,5/20/2016
1.81,5/23/2016
1.961,5/24/2016
1.91,5/25/2016
1.77,5/26/2016
1.75,5/27/2016
1.77,5/31/2016
2.116,6/1/2016
2.251,6/2/2016
2.301,6/3/2016
2.31,6/6/2016
2.32,6/7/2016
2.3,6/8/2016
2.356,6/9/2016
2.337,6/10/2016
2.46,6/13/2016
2.55,6/14/2016
2.547,6/15/2016
2.624,6/16/2016
2.623,6/17/2016
2.594,6/20/2016
2.742,6/21/2016
2.785,6/22/2016
2.818,6/23/2016
2.694,6/24/2016
2.707,6/27/2016
2.788,6/28/2016
2.889,6/29/2016
2.944,6/30/2016
2.9,7/1/2016
2.894,7/5/2016
2.822,7/6/2016
2.776,7/7/2016
2.872,7/8/2016
2.795,7/11/2016
2.878,7/12/2016
2.77,7/13/2016
2.814,7/14/2016
2.791,7/15/2016
2.695,7/18/2016
2.825,7/19/2016
2.829,7/20/2016
2.756,7/21/2016
2.733,7/22/2016
2.799,7/25/2016
2.838,7/26/2016
2.761,7/27/2016
2.839,7/28/2016
2.792,7/29/2016
2.968,8/1/2016
2.89,8/2/2016
2.789,8/3/2016
2.889,8/4/2016
2.919,8/5/2016
2.879,8/8/2016
2.846,8/9/2016
2.783,8/10/2016
2.755,8/11/2016
2.697,8/12/2016
2.7,8/15/2016
2.748,8/16/2016
2.748,8/17/2016
2.758,8/18/2016
2.746,8/19/2016
2.665,8/22/2016
2.749,8/23/2016
2.733,8/24/2016
2.82,8/25/2016
2.89,8/26/2016
2.905,8/29/2016
2.969,8/30/2016
2.949,8/31/2016
2.951,9/1/2016
2.939,9/2/2016
2.881,9/6/2016
2.765,9/7/2016
2.86,9/8/2016
2.875,9/9/2016
2.934,9/12/2016
3.036,9/13/2016
3.083,9/14/2016
3.068,9/15/2016
2.976,9/16/2016
2.966,9/19/2016
2.998,9/20/2016
3.119,9/21/2016
3.19,9/22/2016
3.176,9/23/2016
3.059,9/26/2016
3.088,9/27/2016
3.068,9/28/2016
3.026,9/29/2016
2.978,9/30/2016
2.84,10/3/2016
2.86,10/4/2016
2.833,10/5/2016
2.877,10/6/2016
3.038,10/7/2016
3.02,10/10/2016
3.177,10/11/2016
3.166,10/12/2016
3.208,10/13/2016
3.163,10/14/2016
3.176,10/17/2016
3.211,10/18/2016
3.251,10/19/2016
3.184,10/20/2016
3.122,10/21/2016
2.917,10/24/2016
2.777,10/25/2016
2.686,10/26/2016
2.73,10/27/2016
2.716,10/28/2016
2.7,10/31/2016
2.845,11/1/2016
2.525,11/2/2016
2.303,11/3/2016
2.41,11/4/2016
2.2,11/7/2016
2.371,11/8/2016
2.335,11/9/2016
2.221,11/10/2016
2.08,11/11/2016
2.056,11/14/2016
2.255,11/15/2016
2.487,11/16/2016
2.547,11/17/2016
2.369,11/18/2016
2.598,11/21/2016
2.806,11/22/2016
2.729,11/23/2016
2.756,11/28/2016
2.96,11/29/2016
3.023,11/30/2016
3.317,12/1/2016
3.441,12/2/2016
3.441,12/5/2016
3.624,12/6/2016
3.75,12/7/2016
3.799,12/8/2016
3.68,12/9/2016
3.754,12/12/2016
3.6,12/13/2016
3.649,12/14/2016
3.553,12/15/2016
3.559,12/16/2016
3.505,12/19/2016
3.548,12/20/2016
3.391,12/21/2016
3.499,12/22/2016
3.58,12/23/2016
3.596,12/27/2016
3.704,12/28/2016
3.708,12/29/2016
3.711,12/30/2016
3.738,1/3/2017
3.408,1/4/2017
3.418,1/5/2017
3.319,1/6/2017
3.378,1/9/2017
3.143,1/10/2017
3.207,1/11/2017
3.272,1/12/2017
3.363,1/13/2017
3.361,1/17/2017
3.367,1/18/2017
3.256,1/19/2017
3.246,1/20/2017
3.226,1/23/2017
3.162,1/24/2017
3.284,1/25/2017
3.258,1/26/2017
3.441,1/27/2017
3.305,1/30/2017
3.215,1/31/2017
3,2/1/2017
3.151,2/2/2017
3.125,2/3/2017
3.01,2/6/2017
2.919,2/7/2017
3.032,2/8/2017
3.05,2/9/2017
3.108,2/10/2017
2.94,2/13/2017
2.929,2/14/2017
2.85,2/15/2017
2.945,2/16/2017
2.88,2/17/2017
2.745,2/21/2017
2.56,2/22/2017
2.524,2/23/2017
2.634,2/24/2017
2.634,2/27/2017
2.442,2/28/2017
2.535,3/1/2017
2.628,3/2/2017
2.59,3/3/2017
2.5,3/6/2017
2.677,3/7/2017
2.591,3/8/2017
2.709,3/9/2017
2.828,3/10/2017
2.978,3/13/2017
3.042,3/14/2017
3.021,3/15/2017
3.021,3/16/2017
2.842,3/17/2017
2.848,3/20/2017
2.934,3/21/2017
3.09,3/22/2017
3.023,3/23/2017
2.931,3/24/2017
2.974,3/27/2017
2.94,3/28/2017
2.948,3/29/2017
3.033,3/30/2017
3.082,3/31/2017
3.132,4/3/2017
3.055,4/4/2017
3.064,4/5/2017
3.223,4/6/2017
3.233,4/7/2017
3.232,4/10/2017
3.153,4/11/2017
3.106,4/12/2017
2.97,4/13/2017
3.004,4/14/2017
3.004,4/17/2017
3.085,4/18/2017
3.11,4/19/2017
3.147,4/20/2017
3.129,4/21/2017
3.056,4/24/2017
3.021,4/25/2017
2.989,4/26/2017
3.062,4/27/2017
3.13,4/28/2017
3.203,5/1/2017
3.189,5/2/2017
3.129,5/3/2017
3.14,5/4/2017
3.107,5/5/2017
3.101,5/8/2017
3.055,5/9/2017
3.034,5/10/2017
3.16,5/11/2017
3.225,5/12/2017
3.239,5/15/2017
3.256,5/16/2017
3.274,5/17/2017
3.22,5/18/2017
3.13,5/19/2017
3.112,5/22/2017
3.237,5/23/2017
3.223,5/24/2017
3.142,5/25/2017
3.099,5/26/2017
3.135,5/30/2017
3.089,5/31/2017
3.051,6/1/2017
2.967,6/2/2017
2.849,6/5/2017
2.917,6/6/2017
2.995,6/7/2017
3.057,6/8/2017
2.979,6/9/2017
3.028,6/12/2017
3.115,6/13/2017
3.066,6/14/2017
2.948,6/15/2017
2.943,6/16/2017
3.011,6/19/2017
2.869,6/20/2017
2.905,6/21/2017
2.922,6/22/2017
2.883,6/23/2017
2.887,6/26/2017
2.984,6/27/2017
2.992,6/28/2017
3.033,6/29/2017
3.07,6/30/2017
2.982,7/3/2017
2.982,7/5/2017
2.992,7/6/2017
2.891,7/7/2017
2.912,7/10/2017
2.922,7/11/2017
2.984,7/12/2017
3.007,7/13/2017
2.957,7/14/2017
2.941,7/17/2017
3.036,7/18/2017
3.109,7/19/2017
3.111,7/20/2017
3.115,7/21/2017
3.057,7/24/2017
2.992,7/25/2017
3.011,7/26/2017
2.918,7/27/2017
2.949,7/28/2017
2.964,7/31/2017
2.865,8/1/2017
2.749,8/2/2017
2.763,8/3/2017
2.78,8/4/2017
2.758,8/7/2017
2.797,8/8/2017
2.805,8/9/2017
2.891,8/10/2017
2.905,8/11/2017
2.957,8/14/2017
3.02,8/15/2017
2.962,8/16/2017
2.935,8/17/2017
2.909,8/18/2017
2.901,8/21/2017
2.999,8/22/2017
3.01,8/23/2017
2.94,8/24/2017
2.97,8/25/2017
2.93,8/28/2017
2.947,8/29/2017
2.948,8/30/2017
2.87,8/31/2017
2.916,9/1/2017
2.884,9/5/2017
2.902,9/6/2017
2.984,9/7/2017
2.916,9/8/2017
2.876,9/11/2017
2.883,9/12/2017
2.93,9/13/2017
3.016,9/14/2017
3.034,9/15/2017
2.999,9/18/2017
3.111,9/19/2017
3.179,9/20/2017
3.127,9/21/2017
3.11,9/22/2017
2.93,9/25/2017
2.957,9/26/2017
2.958,9/27/2017
2.984,9/28/2017
2.964,9/29/2017
2.94,10/2/2017
2.821,10/3/2017
2.727,10/4/2017
2.8,10/5/2017
2.933,10/6/2017
2.928,10/9/2017
2.867,10/10/2017
2.888,10/11/2017
2.923,10/12/2017
2.95,10/13/2017
2.989,10/16/2017
2.87,10/17/2017
2.883,10/18/2017
2.813,10/19/2017
2.832,10/20/2017
2.801,10/23/2017
2.953,10/24/2017
2.946,10/25/2017
2.979,10/26/2017
2.914,10/27/2017
2.78,10/30/2017
2.94,10/31/2017
2.839,11/1/2017
2.68,11/2/2017
2.743,11/3/2017
2.754,11/6/2017
3.012,11/7/2017
3.069,11/8/2017
3.157,11/9/2017
3.18,11/10/2017
3.169,11/13/2017
3.13,11/14/2017
3.064,11/15/2017
3.156,11/16/2017
3.087,11/17/2017
3.06,11/20/2017
3.042,11/21/2017
3.052,11/22/2017
3,11/27/2017
2.881,11/28/2017
2.915,11/29/2017
3.057,11/30/2017
2.963,12/1/2017
2.837,12/4/2017
2.906,12/5/2017
2.857,12/6/2017
3,12/7/2017
2.812,12/8/2017
2.781,12/11/2017
2.809,12/12/2017
2.866,12/13/2017
2.68,12/14/2017
2.691,12/15/2017
2.6,12/18/2017
2.705,12/19/2017
2.751,12/20/2017
2.717,12/21/2017
2.635,12/22/2017
2.63,12/26/2017
2.683,12/27/2017
2.759,12/28/2017
2.972,12/29/2017
3.685,1/2/2018
6.237,1/3/2018
7.538,1/4/2018
4.645,1/5/2018
2.882,1/8/2018
2.893,1/9/2018
2.93,1/10/2018
3.16,1/11/2018
3.298,1/12/2018
4.058,1/16/2018
5.46,1/17/2018
3.919,1/18/2018
3.54,1/19/2018
3.196,1/22/2018
3.129,1/23/2018
3.345,1/24/2018
3.542,1/25/2018
3.633,1/26/2018
3.577,1/29/2018
3.601,1/30/2018
3.596,1/31/2018
3.344,2/1/2018
3.057,2/2/2018
2.912,2/5/2018
2.853,2/6/2018
2.747,2/7/2018
2.738,2/8/2018
2.721,2/9/2018
2.66,2/12/2018
2.603,2/13/2018
2.575,2/14/2018
2.533,2/15/2018
2.49,2/16/2018
2.474,2/20/2018
2.607,2/21/2018
2.65,2/22/2018
2.639,2/23/2018
2.579,2/26/2018
2.601,2/27/2018
2.589,2/28/2018
2.66,3/1/2018
2.67,3/2/2018
2.7,3/5/2018
2.703,3/6/2018
2.75,3/7/2018
2.797,3/8/2018
2.78,3/9/2018
2.712,3/12/2018
2.78,3/13/2018
2.764,3/14/2018
2.689,3/15/2018
2.695,3/16/2018
2.624,3/19/2018
2.68,3/20/2018
2.71,3/21/2018
2.742,3/22/2018
2.624,3/23/2018
2.578,3/26/2018
2.625,3/27/2018
2.6,3/28/2018
2.64,3/29/2018
2.81,4/2/2018
2.75,4/3/2018
2.74,4/4/2018
2.81,4/5/2018
2.81,4/6/2018
2.82,4/9/2018
2.78,4/10/2018
2.74,4/11/2018
2.74,4/12/2018
2.76,4/13/2018
2.82,4/16/2018
2.88,4/17/2018
2.835,4/18/2018
2.85,4/19/2018
2.795,4/20/2018
2.78,4/23/2018
2.72,4/24/2018
2.792,4/25/2018
2.812,4/26/2018
2.81,4/27/2018
2.82,4/30/2018
2.75,5/1/2018
2.747,5/2/2018
2.766,5/3/2018
2.75,5/4/2018
2.75,5/7/2018
2.736,5/8/2018
2.767,5/9/2018
2.747,5/10/2018
2.78,5/11/2018
2.75,5/14/2018
2.842,5/15/2018
2.83,5/16/2018
2.85,5/17/2018
2.75,5/18/2018
2.75,5/21/2018
2.767,5/22/2018
2.76,5/23/2018
2.89,5/24/2018
2.875,5/25/2018
2.88,5/29/2018
2.838,5/30/2018
2.831,5/31/2018
2.94,6/1/2018
2.909,6/4/2018
2.885,6/5/2018
2.89,6/6/2018
2.883,6/7/2018
3.017,6/8/2018
2.91,6/11/2018
3,6/12/2018
2.98,6/13/2018
2.98,6/14/2018
2.99,6/15/2018
3.02,6/18/2018
2.99,6/19/2018
2.95,6/20/2018
2.96,6/21/2018
3.08,6/22/2018
2.95,6/25/2018
2.955,6/26/2018
2.977,6/27/2018
3.012,6/28/2018
2.99,6/29/2018
2.964,7/2/2018
2.902,7/3/2018
2.902,7/5/2018
2.91,7/6/2018
2.91,7/9/2018
2.896,7/10/2018
2.9,7/11/2018
2.89,7/12/2018
2.89,7/13/2018
2.86,7/16/2018
2.762,7/17/2018
2.814,7/18/2018
2.8,7/19/2018
2.749,7/20/2018
2.794,7/23/2018
2.78,7/24/2018
2.734,7/25/2018
2.816,7/26/2018
2.823,7/27/2018
2.775,7/30/2018
2.752,7/31/2018
2.82,8/1/2018
2.8,8/2/2018
2.77,8/3/2018
2.86,8/6/2018
2.854,8/7/2018
2.953,8/8/2018
2.989,8/9/2018
3.023,8/10/2018
2.956,8/13/2018
2.918,8/14/2018
3.019,8/15/2018
3.033,8/16/2018
3.023,8/17/2018
3.006,8/20/2018
3.036,8/21/2018
3.01,8/22/2018
3.018,8/23/2018
2.97,8/24/2018
2.993,8/27/2018
2.975,8/28/2018
2.977,8/29/2018
2.961,8/30/2018
2.957,8/31/2018
2.98,9/4/2018
2.96,9/5/2018
3,9/6/2018
2.93,9/7/2018
2.88,9/10/2018
2.9,9/11/2018
2.94,9/12/2018
2.98,9/13/2018
2.94,9/14/2018
2.91,9/17/2018
2.95,9/18/2018
3,9/19/2018
3.11,9/20/2018
3.07,9/21/2018
3.017,9/24/2018
3.041,9/25/2018
3.12,9/26/2018
3.1,9/27/2018
3.05,9/28/2018
3.01,10/1/2018
3.127,10/2/2018
3.139,10/3/2018
3.259,10/4/2018
3.39,10/5/2018
3.25,10/8/2018
3.28,10/9/2018
3.397,10/10/2018
3.45,10/11/2018
3.16,10/12/2018
3.193,10/15/2018
3.262,10/16/2018
3.271,10/17/2018
3.3,10/18/2018
3.28,10/19/2018
3.202,10/22/2018
3.2,10/23/2018
3.28,10/24/2018
3.42,10/25/2018
3.39,10/26/2018
3.268,10/29/2018
3.204,10/30/2018
3.274,10/31/2018
3.313,11/1/2018
3.357,11/2/2018
3.262,11/5/2018
3.528,11/6/2018
3.525,11/7/2018
3.54,11/8/2018
3.54,11/9/2018
3.742,11/12/2018
3.962,11/13/2018
4.1,11/14/2018
4.57,11/15/2018
4.691,11/16/2018
4.3,11/19/2018
4.65,11/20/2018
4.75,11/21/2018
4.704,11/26/2018
4.28,11/27/2018
4.41,11/28/2018
4.5,11/29/2018
4.57,11/30/2018
4.607,12/3/2018
4.401,12/4/2018
4.7,12/5/2018
4.69,12/6/2018
4.439,12/7/2018
4.507,12/10/2018
4.535,12/11/2018
4.527,12/12/2018
4.28,12/13/2018
4.31,12/14/2018
3.99,12/17/2018
3.8,12/18/2018
3.701,12/19/2018
3.641,12/20/2018
3.7,12/21/2018
3.55,12/26/2018
3.42,12/27/2018
3.1,12/28/2018
3.248,1/2/2019
2.821,1/3/2019
2.721,1/4/2019
2.798,1/7/2019
2.742,1/8/2019
2.888,1/9/2019
2.918,1/10/2019
2.954,1/11/2019
2.89,1/14/2019
3.36,1/15/2019
3.542,1/16/2019
3.58,1/17/2019
3.576,1/18/2019
3.428,1/22/2019
3.162,1/23/2019
3.13,1/24/2019
3.15,1/25/2019
3.071,1/28/2019
3.05,1/29/2019
2.942,1/30/2019
3.001,1/31/2019
2.818,2/1/2019
2.696,2/4/2019
2.568,2/5/2019
2.539,2/6/2019
2.577,2/7/2019
2.621,2/8/2019
2.658,2/11/2019
2.758,2/12/2019
2.708,2/13/2019
2.605,2/14/2019
2.578,2/15/2019
2.591,2/19/2019
2.691,2/20/2019
2.731,2/21/2019
2.727,2/22/2019
2.735,2/25/2019
2.841,2/26/2019
2.98,2/27/2019
2.887,2/28/2019
2.973,3/1/2019
3.193,3/4/2019
4.25,3/5/2019
3.18,3/6/2019
2.95,3/7/2019
2.9,3/8/2019
2.9,3/11/2019
2.86,3/12/2019
2.83,3/13/2019
2.87,3/14/2019
2.95,3/15/2019
2.91,3/18/2019
2.9,3/19/2019
2.918,3/20/2019
2.86,3/21/2019
2.786,3/22/2019
2.749,3/25/2019
2.717,3/26/2019
2.74,3/27/2019
2.691,3/28/2019
2.668,3/29/2019
2.726,4/1/2019
2.735,4/2/2019
2.763,4/3/2019
2.74,4/4/2019
2.664,4/5/2019
2.618,4/8/2019
2.717,4/9/2019
2.709,4/10/2019
2.722,4/11/2019
2.738,4/12/2019
2.746,4/15/2019
2.688,4/16/2019
2.658,4/17/2019
2.55,4/18/2019
2.541,4/19/2019
2.541,4/22/2019
2.608,4/23/2019
2.53,4/24/2019
2.536,4/25/2019
2.538,4/26/2019
2.582,4/29/2019
2.58,4/30/2019
2.585,5/1/2019
2.656,5/2/2019
2.628,5/3/2019
2.588,5/6/2019
2.537,5/7/2019
2.543,5/8/2019
2.637,5/9/2019
2.618,5/10/2019
2.64,5/13/2019
2.71,5/14/2019
2.7,5/15/2019
2.69,5/16/2019
2.62,5/17/2019
2.61,5/20/2019
2.7,5/21/2019
2.73,5/22/2019
2.68,5/23/2019
2.56,5/24/2019
2.6,5/28/2019
2.65,5/29/2019
2.69,5/30/2019
2.66,5/31/2019
2.54,6/3/2019
2.5,6/4/2019
2.45,6/5/2019
2.45,6/6/2019
2.4,6/7/2019
2.43,6/10/2019
2.42,6/11/2019
2.41,6/12/2019
2.43,6/13/2019
2.4,6/14/2019
2.37,6/17/2019
2.46,6/18/2019
2.44,6/19/2019
2.43,6/20/2019
2.38,6/21/2019
2.27,6/24/2019
2.312,6/25/2019
2.31,6/26/2019
2.343,6/27/2019
2.315,6/28/2019
2.42,7/1/2019
2.33,7/2/2019
2.304,7/3/2019
2.294,7/8/2019
2.393,7/9/2019
2.41,7/10/2019
2.485,7/11/2019
2.54,7/12/2019
2.54,7/15/2019
2.53,7/16/2019
2.42,7/17/2019
2.437,7/18/2019
2.38,7/19/2019
2.3,7/22/2019
2.33,7/23/2019
2.344,7/24/2019
2.258,7/25/2019
2.264,7/26/2019
2.23,7/29/2019
2.23,7/30/2019
2.221,7/31/2019
2.28,8/1/2019
2.363,8/2/2019
2.12,8/5/2019
2.02,8/6/2019
2.15,8/7/2019
2.18,8/8/2019
2.13,8/9/2019
2.089,8/12/2019
2.21,8/13/2019
2.24,8/14/2019
2.22,8/15/2019
2.19,8/16/2019
2.2,8/19/2019
2.26,8/20/2019
2.35,8/21/2019
2.31,8/22/2019
2.28,8/23/2019
2.15,8/26/2019
2.23,8/27/2019
2.24,8/28/2019
2.3,8/29/2019
2.36,8/30/2019
2.333,9/3/2019
2.39,9/4/2019
2.48,9/5/2019
2.49,9/6/2019
2.49,9/9/2019
2.65,9/10/2019
2.67,9/11/2019
2.63,9/12/2019
2.62,9/13/2019
2.605,9/16/2019
2.75,9/17/2019
2.704,9/18/2019
2.722,9/19/2019
2.652,9/20/2019
2.59,9/23/2019
2.546,9/24/2019
2.6,9/25/2019
2.54,9/26/2019
2.57,9/27/2019
2.41,9/30/2019
2.371,10/1/2019
2.36,10/2/2019
2.38,10/3/2019
2.31,10/4/2019
2.25,10/7/2019
2.36,10/8/2019
2.29,10/9/2019
2.258,10/10/2019
2.26,10/11/2019
2.126,10/14/2019
2.204,10/15/2019
2.29,10/16/2019
2.25,10/17/2019
2.29,10/18/2019
2.08,10/21/2019
2.13,10/22/2019
2.21,10/23/2019
2.34,10/24/2019
2.33,10/25/2019
2.26,10/28/2019
2.49,10/29/2019
2.609,10/30/2019
2.708,10/31/2019
2.731,11/1/2019
2.544,11/4/2019
2.772,11/5/2019
2.754,11/6/2019
2.817,11/7/2019
2.841,11/8/2019
2.871,11/12/2019
2.724,11/13/2019
2.656,11/14/2019
2.681,11/15/2019
2.7,11/18/2019
2.639,11/19/2019
2.528,11/20/2019
2.56,11/21/2019
2.53,11/22/2019
2.62,11/25/2019
2.51,11/26/2019
2.393,11/27/2019
2.46,12/2/2019
2.29,12/3/2019
2.424,12/4/2019
2.43,12/5/2019
2.42,12/6/2019
2.31,12/9/2019
2.174,12/10/2019
2.18,12/11/2019
2.28,12/12/2019
2.277,12/13/2019
2.262,12/16/2019
2.34,12/17/2019
2.303,12/18/2019
2.261,12/19/2019
2.208,12/20/2019
2.271,12/23/2019
2.17,12/24/2019
2.112,12/26/2019
2.092,12/27/2019
1.75,12/30/2019
2.055,12/31/2019
2.092,1/2/2020
2.048,1/3/2020
2.06,1/6/2020
2.1,1/7/2020
2.17,1/8/2020
2.092,1/9/2020
2.046,1/10/2020
2.051,1/13/2020
2.03,1/14/2020
2.153,1/15/2020
2.012,1/16/2020
2.059,1/17/2020
2.065,1/21/2020
1.981,1/22/2020
1.886,1/23/2020
1.947,1/24/2020
1.909,1/27/2020
2.03,1/28/2020
1.956,1/29/2020
1.927,1/30/2020
1.941,1/31/2020
1.91,2/3/2020
1.9,2/4/2020
1.892,2/5/2020
1.888,2/6/2020
1.863,2/7/2020
1.925,2/10/2020
1.851,2/11/2020
1.854,2/12/2020
1.908,2/13/2020
1.95,2/14/2020
1.933,2/18/2020
2.035,2/19/2020
2.01,2/20/2020
1.984,2/21/2020
1.955,2/24/2020
1.938,2/25/2020
1.927,2/26/2020
1.963,2/27/2020
1.78,2/28/2020
1.79,3/2/2020
1.754,3/3/2020
1.783,3/4/2020
1.83,3/5/2020
1.89,3/6/2020
1.759,3/9/2020
1.743,3/10/2020
1.91,3/11/2020
1.957,3/12/2020
1.823,3/13/2020
1.937,3/16/2020
1.89,3/17/2020
1.89,3/18/2020
1.73,3/19/2020
1.684,3/20/2020
1.76,3/23/2020
1.7,3/24/2020
1.73,3/25/2020
1.796,3/26/2020
1.73,3/27/2020
1.7,3/30/2020
1.65,3/31/2020
1.71,4/1/2020
1.69,4/2/2020
1.55,4/3/2020
1.5,4/6/2020
1.636,4/7/2020
1.832,4/8/2020
1.86,4/9/2020
1.735,4/10/2020
1.735,4/13/2020
1.86,4/14/2020
1.76,4/15/2020
1.679,4/16/2020
1.594,4/17/2020
1.705,4/20/2020
1.78,4/21/2020
1.92,4/22/2020
1.9,4/23/2020
1.855,4/24/2020
1.81,4/27/2020
1.68,4/28/2020
1.8,4/29/2020
1.733,4/30/2020
1.63,5/1/2020
1.687,5/4/2020
1.783,5/5/2020
1.926,5/6/2020
1.9,5/7/2020
1.839,5/8/2020
1.735,5/11/2020
1.7,5/12/2020
1.609,5/13/2020
1.56,5/14/2020
1.603,5/15/2020
1.656,5/18/2020
1.77,5/19/2020
1.85,5/20/2020
1.83,5/21/2020
1.75,5/22/2020
1.7,5/26/2020
1.786,5/27/2020
1.78,5/28/2020
1.79,5/29/2020
1.698,6/1/2020
1.588,6/2/2020
1.584,6/3/2020
1.84,6/4/2020
1.68,6/5/2020
1.8,6/8/2020
1.679,6/9/2020
1.679,6/10/2020
1.723,6/11/2020
1.77,6/12/2020
1.665,6/15/2020
1.64,6/16/2020
1.43,6/17/2020
1.55,6/18/2020
1.51,6/19/2020
1.487,6/22/2020
1.638,6/23/2020
1.609,6/24/2020
1.644,6/25/2020
1.533,6/26/2020
1.416,6/29/2020
1.665,6/30/2020
1.76,7/1/2020
1.69,7/2/2020
1.58,7/6/2020
1.71,7/7/2020
1.763,7/8/2020
1.775,7/9/2020
1.88,7/10/2020
1.79,7/13/2020
1.751,7/14/2020
1.74,7/15/2020
1.76,7/16/2020
1.79,7/17/2020
1.788,7/20/2020
1.71,7/21/2020
1.656,7/22/2020
1.69,7/23/2020
1.75,7/24/2020
1.77,7/27/2020
1.85,7/28/2020
1.826,7/29/2020
1.768,7/30/2020
1.81,7/31/2020
1.83,8/3/2020
1.95,8/4/2020
2.07,8/5/2020
2.229,8/6/2020
2.26,8/7/2020
2.146,8/10/2020
2.18,8/11/2020
2.19,8/12/2020
2.05,8/13/2020
2.19,8/14/2020
2.23,8/17/2020
2.321,8/18/2020
2.45,8/19/2020
2.43,8/20/2020
2.35,8/21/2020
2.39,8/24/2020
2.571,8/25/2020
2.538,8/26/2020
2.515,8/27/2020
2.52,8/28/2020
2.459,8/31/2020
2.3,9/1/2020
2.215,9/2/2020
2.15,9/3/2020
2.319,9/4/2020
1.795,9/8/2020
2.354,9/9/2020
2.207,9/10/2020
2.133,9/11/2020
1.928,9/14/2020
2.183,9/15/2020
2.194,9/16/2020
2.057,9/17/2020
1.65,9/18/2020
1.561,9/21/2020
1.331,9/22/2020
1.491,9/23/2020
1.735,9/24/2020
1.93,9/25/2020
1.9,9/28/2020
1.833,9/29/2020
1.737,9/30/2020
1.66,10/1/2020
1.6,10/2/2020
1.406,10/5/2020
1.92,10/6/2020
1.86,10/7/2020
2.006,10/8/2020
1.49,10/9/2020
2.25,10/12/2020
2.31,10/13/2020
2.14,10/14/2020
2.024,10/15/2020
2.231,10/16/2020
2.159,10/19/2020
2.3,10/20/2020
2.566,10/21/2020
2.95,10/22/2020
2.99,10/23/2020
2.913,10/26/2020
3.14,10/27/2020
3.068,10/28/2020
3.14,10/29/2020
3.06,10/30/2020
3.03,11/2/2020
3.027,11/3/2020
2.876,11/4/2020
2.629,11/5/2020
2.688,11/6/2020
2.67,11/9/2020
2.627,11/10/2020
2.74,11/11/2020
2.75,11/12/2020
2.809,11/13/2020
2.817,11/16/2020
2.623,11/17/2020
2.547,11/18/2020
2.37,11/19/2020
2.192,11/20/2020
2.216,11/23/2020
2.23,11/24/2020
2.47,11/25/2020
2.35,11/30/2020
2.888,12/1/2020
2.886,12/2/2020
2.75,12/3/2020
2.462,12/4/2020
2.483,12/7/2020
2.394,12/8/2020
2.357,12/9/2020
2.45,12/10/2020
2.452,12/11/2020
2.543,12/14/2020
2.69,12/15/2020
2.632,12/16/2020
2.73,12/17/2020
2.7,12/18/2020
2.73,12/21/2020
2.68,12/22/2020
2.76,12/23/2020
2.68,12/24/2020
2.58,12/28/2020
2.39,12/29/2020
2.396,12/30/2020
2.36,12/31/2020
2.387,1/4/2021
2.596,1/5/2021
2.77,1/6/2021
2.76,1/7/2021
2.81,1/8/2021
2.77,1/11/2021
2.71,1/12/2021
2.89,1/13/2021
2.82,1/14/2021
2.82,1/15/2021
2.86,1/19/2021
2.65,1/20/2021
2.57,1/21/2021
2.49,1/22/2021
2.452,1/25/2021
2.63,1/26/2021
2.73,1/27/2021
2.77,1/28/2021
2.76,1/29/2021
2.68,2/1/2021
2.879,2/2/2021
3.24,2/3/2021
3.01,2/4/2021
2.99,2/5/2021
3.49,2/8/2021
3.4,2/9/2021
3.35,2/10/2021
3.755,2/11/2021
6.5,2/12/2021
6.118,2/16/2021
11.318,2/17/2021
23.86,2/18/2021
8.56,2/19/2021
4.962,2/22/2021
3.16,2/23/2021
2.94,2/24/2021
2.797,2/25/2021
2.718,2/26/2021
2.664,3/1/2021
2.7,3/2/2021
2.87,3/3/2021
2.864,3/4/2021
2.792,3/5/2021
2.716,3/8/2021
2.67,3/9/2021
2.62,3/10/2021
2.62,3/11/2021
2.7,3/12/2021
2.65,3/15/2021
2.58,3/16/2021
2.5,3/17/2021
2.6,3/18/2021
2.447,3/19/2021
2.53,3/22/2021
2.55,3/23/2021
2.56,3/24/2021
2.56,3/25/2021
2.52,3/26/2021
2.52,3/29/2021
2.58,3/30/2021
2.55,3/31/2021
2.523,4/1/2021
2.517,4/5/2021
2.433,4/6/2021
2.44,4/7/2021
2.43,4/8/2021
2.47,4/9/2021
2.48,4/12/2021
2.5,4/13/2021
2.57,4/14/2021
2.646,4/15/2021
2.62,4/16/2021
2.633,4/19/2021
2.75,4/20/2021
2.758,4/21/2021
2.718,4/22/2021
2.77,4/23/2021
2.79,4/26/2021
2.73,4/27/2021
2.91,4/28/2021
2.976,4/29/2021
2.913,4/30/2021
2.862,5/3/2021
2.96,5/4/2021
3.002,5/5/2021
2.986,5/6/2021
2.895,5/7/2021
2.9,5/10/2021
2.927,5/11/2021
2.905,5/12/2021
2.905,5/13/2021
2.95,5/14/2021
2.95,5/17/2021
2.993,5/18/2021
2.956,5/19/2021
2.878,5/20/2021
2.862,5/21/2021
2.835,5/24/2021
2.778,5/25/2021
2.869,5/26/2021
2.908,5/27/2021
2.851,5/28/2021
2.913,6/1/2021
3.018,6/2/2021
3.094,6/3/2021
3.014,6/4/2021
3.009,6/7/2021
2.98,6/8/2021
3.109,6/9/2021
3.132,6/10/2021
3.125,6/11/2021
3.23,6/14/2021
3.36,6/15/2021
3.311,6/16/2021
3.25,6/17/2021
3.243,6/18/2021
3.227,6/21/2021
3.153,6/22/2021
3.208,6/23/2021
3.356,6/24/2021
3.296,6/25/2021
3.4,6/28/2021
3.616,6/29/2021
3.745,6/30/2021
3.792,7/1/2021
3.755,7/2/2021
3.67,7/6/2021
3.679,7/7/2021
3.662,7/8/2021
3.557,7/9/2021
3.707,7/12/2021
3.7,7/13/2021
3.777,7/14/2021
3.797,7/15/2021
3.68,7/16/2021
3.702,7/19/2021
3.748,7/20/2021
3.82,7/21/2021
3.94,7/22/2021
4.02,7/23/2021
4.11,7/26/2021
4.09,7/27/2021
4.15,7/28/2021
4.098,7/29/2021
4.027,7/30/2021
3.943,8/2/2021
4.024,8/3/2021
4.06,8/4/2021
4.2,8/5/2021
4.27,8/6/2021
4.21,8/9/2021
4.24,8/10/2021
4.115,8/11/2021
4.073,8/12/2021
4.1,8/13/2021
3.945,8/16/2021
3.926,8/17/2021
3.92,8/18/2021
3.864,8/19/2021
3.83,8/20/2021
3.936,8/23/2021
3.925,8/24/2021
3.95,8/25/2021
4.028,8/26/2021
4.066,8/27/2021
4.354,8/28/2021
4.354,8/30/2021
4.246,8/31/2021
4.33,9/1/2021
4.449,9/2/2021
4.651,9/3/2021
4.767,9/7/2021
4.713,9/8/2021
4.66,9/9/2021
4.966,9/10/2021
5.13,9/13/2021
5.21,9/14/2021
5.392,9/15/2021
5.66,9/16/2021
5.518,9/17/2021
5.32,9/20/2021
5.25,9/21/2021
4.959,9/22/2021
4.92,9/23/2021
4.939,9/24/2021
5.103,9/27/2021
5.53,9/28/2021
5.936,9/29/2021
5.725,9/30/2021
5.581,10/1/2021
5.608,10/4/2021
5.801,10/5/2021
6.37,10/6/2021
5.998,10/7/2021
5.711,10/8/2021
5.688,10/11/2021
5.457,10/12/2021
5.343,10/13/2021
5.56,10/14/2021
5.92,10/15/2021
5.442,10/18/2021
5.01,10/19/2021
4.808,10/20/2021
4.87,10/21/2021
4.941,10/22/2021
5.097,10/25/2021
5.724,10/26/2021
5.591,10/27/2021
5.909,10/28/2021
5.683,10/29/2021
5.487,11/1/2021
5.223,11/2/2021
5.325,11/3/2021
5.588,11/4/2021
5.733,11/5/2021
5.51,11/8/2021
5.53,11/9/2021
5.078,11/10/2021
4.564,11/11/2021
4.81,11/12/2021
4.973,11/15/2021
4.771,11/16/2021
5.106,11/17/2021
4.815,11/18/2021
4.95,11/19/2021
4.902,11/22/2021
4.833,11/23/2021
4.952,11/24/2021
4.926,11/29/2021
4.904,11/30/2021
4.523,12/1/2021
4.306,12/2/2021
4.076,12/3/2021
3.791,12/6/2021
3.664,12/7/2021
3.602,12/8/2021
3.79,12/9/2021
3.67,12/10/2021
3.651,12/13/2021
4.05,12/14/2021
3.705,12/15/2021
3.785,12/16/2021
3.673,12/17/2021
3.706,12/20/2021
3.908,12/21/2021
3.96,12/22/2021
3.95,12/23/2021
3.561,12/27/2021
3.452,12/28/2021
3.32,12/29/2021
3.404,12/30/2021
3.404,12/31/2021
