Delivery Date,Hour Ending,Price,Time_Index,Year
6/22/2021,1:00,28.72,4128,1970
6/22/2021,2:00,25.0,4129,1970
6/22/2021,3:00,25.0,4130,1970
6/22/2021,4:00,23.51,4131,1970
6/22/2021,5:00,23.86,4132,1970
6/22/2021,6:00,24.99,4133,1970
6/22/2021,7:00,26.43,4134,1970
6/22/2021,8:00,25.99,4135,1970
6/22/2021,9:00,26.94,4136,1970
6/22/2021,10:00,26.9,4137,1970
6/22/2021,11:00,26.73,4138,1970
6/22/2021,12:00,27.01,4139,1970
6/22/2021,13:00,31.13,4140,1970
6/22/2021,14:00,34.09,4141,1970
6/22/2021,15:00,39.16,4142,1970
6/22/2021,16:00,42.86,4143,1970
6/22/2021,17:00,43.56,4144,1970
6/22/2021,18:00,35.89,4145,1970
6/22/2021,19:00,34.21,4146,1970
6/22/2021,20:00,33.92,4147,1970
6/22/2021,21:00,32.65,4148,1970
6/22/2021,22:00,28.7,4149,1970
6/22/2021,23:00,26.89,4150,1970
6/22/2021,24:00:00,23.71,4151,1970
6/23/2021,1:00,21.23,4152,1970
6/23/2021,2:00,18.99,4153,1970
6/23/2021,3:00,17.92,4154,1970
6/23/2021,4:00,16.64,4155,1970
6/23/2021,5:00,17.03,4156,1970
6/23/2021,6:00,18.33,4157,1970
6/23/2021,7:00,19.72,4158,1970
6/23/2021,8:00,20.3,4159,1970
6/23/2021,9:00,19.51,4160,1970
6/23/2021,10:00,21.33,4161,1970
6/23/2021,11:00,22.3,4162,1970
6/23/2021,12:00,26.84,4163,1970
6/23/2021,13:00,24.05,4164,1970
6/23/2021,14:00,34.27,4165,1970
6/23/2021,15:00,39.69,4166,1970
6/23/2021,16:00,53.63,4167,1970
6/23/2021,17:00,49.88,4168,1970
6/23/2021,18:00,33.63,4169,1970
6/23/2021,19:00,30.61,4170,1970
6/23/2021,20:00,31.87,4171,1970
6/23/2021,21:00,28.4,4172,1970
6/23/2021,22:00,25.33,4173,1970
6/23/2021,23:00,22.59,4174,1970
6/23/2021,24:00:00,19.47,4175,1970
6/24/2021,1:00,20.5,4176,1970
6/24/2021,2:00,19.87,4177,1970
6/24/2021,3:00,17.13,4178,1970
6/24/2021,4:00,16.58,4179,1970
6/24/2021,5:00,17.1,4180,1970
6/24/2021,6:00,18.11,4181,1970
6/24/2021,7:00,19.84,4182,1970
6/24/2021,8:00,21.01,4183,1970
6/24/2021,9:00,21.76,4184,1970
6/24/2021,10:00,22.82,4185,1970
6/24/2021,11:00,24.05,4186,1970
6/24/2021,12:00,26.85,4187,1970
6/24/2021,13:00,27.67,4188,1970
6/24/2021,14:00,36.5,4189,1970
6/24/2021,15:00,46.99,4190,1970
6/24/2021,16:00,60.69,4191,1970
6/24/2021,17:00,61.24,4192,1970
6/24/2021,18:00,37.54,4193,1970
6/24/2021,19:00,29.19,4194,1970
6/24/2021,20:00,32.11,4195,1970
6/24/2021,21:00,33.66,4196,1970
6/24/2021,22:00,27.7,4197,1970
6/24/2021,23:00,26.25,4198,1970
6/24/2021,24:00:00,23.44,4199,1970
6/25/2021,1:00,22.22,4200,1970
6/25/2021,2:00,20.17,4201,1970
6/25/2021,3:00,17.45,4202,1970
6/25/2021,4:00,17.03,4203,1970
6/25/2021,5:00,17.52,4204,1970
6/25/2021,6:00,19.02,4205,1970
6/25/2021,7:00,21.58,4206,1970
6/25/2021,8:00,21.7,4207,1970
6/25/2021,9:00,19.79,4208,1970
6/25/2021,10:00,20.75,4209,1970
6/25/2021,11:00,21.47,4210,1970
6/25/2021,12:00,22.98,4211,1970
6/25/2021,13:00,25.31,4212,1970
6/25/2021,14:00,37.03,4213,1970
6/25/2021,15:00,52.33,4214,1970
6/25/2021,16:00,60.31,4215,1970
6/25/2021,17:00,67.98,4216,1970
6/25/2021,18:00,40.96,4217,1970
6/25/2021,19:00,31.62,4218,1970
6/25/2021,20:00,33.47,4219,1970
6/25/2021,21:00,30.27,4220,1970
6/25/2021,22:00,27.59,4221,1970
6/25/2021,23:00,26.23,4222,1970
6/25/2021,24:00:00,21.34,4223,1970
6/26/2021,1:00,22.11,4224,1970
6/26/2021,2:00,21.0,4225,1970
6/26/2021,3:00,18.16,4226,1970
6/26/2021,4:00,17.29,4227,1970
6/26/2021,5:00,17.19,4228,1970
6/26/2021,6:00,17.61,4229,1970
6/26/2021,7:00,19.95,4230,1970
6/26/2021,8:00,20.3,4231,1970
6/26/2021,9:00,21.32,4232,1970
6/26/2021,10:00,21.49,4233,1970
6/26/2021,11:00,25.7,4234,1970
6/26/2021,12:00,30.38,4235,1970
6/26/2021,13:00,30.95,4236,1970
6/26/2021,14:00,36.38,4237,1970
6/26/2021,15:00,41.89,4238,1970
6/26/2021,16:00,50.44,4239,1970
6/26/2021,17:00,55.72,4240,1970
6/26/2021,18:00,42.14,4241,1970
6/26/2021,19:00,38.76,4242,1970
6/26/2021,20:00,44.68,4243,1970
6/26/2021,21:00,39.88,4244,1970
6/26/2021,22:00,36.77,4245,1970
6/26/2021,23:00,31.46,4246,1970
6/26/2021,24:00:00,28.7,4247,1970
6/27/2021,1:00,25.59,4248,1970
6/27/2021,2:00,23.28,4249,1970
6/27/2021,3:00,22.66,4250,1970
6/27/2021,4:00,22.45,4251,1970
6/27/2021,5:00,23.33,4252,1970
6/27/2021,6:00,23.14,4253,1970
6/27/2021,7:00,25.46,4254,1970
6/27/2021,8:00,25.36,4255,1970
6/27/2021,9:00,26.8,4256,1970
6/27/2021,10:00,30.18,4257,1970
6/27/2021,11:00,35.57,4258,1970
6/27/2021,12:00,35.32,4259,1970
6/27/2021,13:00,40.53,4260,1970
6/27/2021,14:00,44.01,4261,1970
6/27/2021,15:00,57.4,4262,1970
6/27/2021,16:00,62.92,4263,1970
6/27/2021,17:00,67.97,4264,1970
6/27/2021,18:00,61.81,4265,1970
6/27/2021,19:00,40.72,4266,1970
6/27/2021,20:00,44.36,4267,1970
6/27/2021,21:00,42.44,4268,1970
6/27/2021,22:00,39.32,4269,1970
6/27/2021,23:00,31.55,4270,1970
6/27/2021,24:00:00,27.55,4271,1970
6/28/2021,1:00,22.81,4272,1970
6/28/2021,2:00,21.82,4273,1970
6/28/2021,3:00,20.72,4274,1970
6/28/2021,4:00,20.19,4275,1970
6/28/2021,5:00,20.8,4276,1970
6/28/2021,6:00,21.23,4277,1970
6/28/2021,7:00,23.23,4278,1970
6/28/2021,8:00,23.29,4279,1970
6/28/2021,9:00,26.05,4280,1970
6/28/2021,10:00,29.62,4281,1970
6/28/2021,11:00,34.11,4282,1970
6/28/2021,12:00,34.65,4283,1970
6/28/2021,13:00,36.28,4284,1970
6/28/2021,14:00,36.65,4285,1970
6/28/2021,15:00,43.62,4286,1970
6/28/2021,16:00,49.01,4287,1970
6/28/2021,17:00,46.09,4288,1970
6/28/2021,18:00,42.05,4289,1970
6/28/2021,19:00,34.97,4290,1970
6/28/2021,20:00,35.26,4291,1970
6/28/2021,21:00,32.62,4292,1970
6/28/2021,22:00,30.62,4293,1970
6/28/2021,23:00,28.99,4294,1970
6/28/2021,24:00:00,24.34,4295,1970
6/29/2021,1:00,24.46,4296,1970
6/29/2021,2:00,22.31,4297,1970
6/29/2021,3:00,21.43,4298,1970
6/29/2021,4:00,20.95,4299,1970
6/29/2021,5:00,20.95,4300,1970
6/29/2021,6:00,21.94,4301,1970
6/29/2021,7:00,23.4,4302,1970
6/29/2021,8:00,23.16,4303,1970
6/29/2021,9:00,23.88,4304,1970
6/29/2021,10:00,26.58,4305,1970
6/29/2021,11:00,29.36,4306,1970
6/29/2021,12:00,30.86,4307,1970
6/29/2021,13:00,30.95,4308,1970
6/29/2021,14:00,33.17,4309,1970
6/29/2021,15:00,41.79,4310,1970
6/29/2021,16:00,52.12,4311,1970
6/29/2021,17:00,51.58,4312,1970
6/29/2021,18:00,41.23,4313,1970
6/29/2021,19:00,34.28,4314,1970
6/29/2021,20:00,34.56,4315,1970
6/29/2021,21:00,33.26,4316,1970
6/29/2021,22:00,33.29,4317,1970
6/29/2021,23:00,28.78,4318,1970
6/29/2021,24:00:00,24.94,4319,1970
6/30/2021,1:00,24.02,4320,1970
6/30/2021,2:00,22.89,4321,1970
6/30/2021,3:00,21.44,4322,1970
6/30/2021,4:00,20.86,4323,1970
6/30/2021,5:00,20.88,4324,1970
6/30/2021,6:00,21.95,4325,1970
6/30/2021,7:00,24.6,4326,1970
6/30/2021,8:00,24.93,4327,1970
6/30/2021,9:00,26.1,4328,1970
6/30/2021,10:00,28.06,4329,1970
6/30/2021,11:00,31.48,4330,1970
6/30/2021,12:00,35.51,4331,1970
6/30/2021,13:00,40.25,4332,1970
6/30/2021,14:00,44.02,4333,1970
6/30/2021,15:00,53.77,4334,1970
6/30/2021,16:00,65.78,4335,1970
6/30/2021,17:00,66.59,4336,1970
6/30/2021,18:00,47.83,4337,1970
6/30/2021,19:00,41.68,4338,1970
6/30/2021,20:00,41.29,4339,1970
6/30/2021,21:00,41.4,4340,1970
6/30/2021,22:00,35.56,4341,1970
6/30/2021,23:00,28.09,4342,1970
6/30/2021,24:00:00,26.0,4343,1970
7/1/2021,1:00,24.88,4344,1970
7/1/2021,2:00,24.77,4345,1970
7/1/2021,3:00,23.7,4346,1970
7/1/2021,4:00,23.19,4347,1970
7/1/2021,5:00,23.24,4348,1970
7/1/2021,6:00,23.34,4349,1970
7/1/2021,7:00,26.97,4350,1970
7/1/2021,8:00,26.15,4351,1970
7/1/2021,9:00,29.14,4352,1970
7/1/2021,10:00,29.99,4353,1970
7/1/2021,11:00,33.99,4354,1970
7/1/2021,12:00,36.7,4355,1970
7/1/2021,13:00,44.87,4356,1970
7/1/2021,14:00,51.22,4357,1970
7/1/2021,15:00,62.14,4358,1970
7/1/2021,16:00,74.85,4359,1970
7/1/2021,17:00,75.09,4360,1970
7/1/2021,18:00,51.3,4361,1970
7/1/2021,19:00,46.79,4362,1970
7/1/2021,20:00,46.85,4363,1970
7/1/2021,21:00,46.12,4364,1970
7/1/2021,22:00,39.19,4365,1970
7/1/2021,23:00,31.83,4366,1970
7/1/2021,24:00:00,29.63,4367,1970
7/2/2021,1:00,26.44,4368,1970
7/2/2021,2:00,26.45,4369,1970
7/2/2021,3:00,23.96,4370,1970
7/2/2021,4:00,23.28,4371,1970
7/2/2021,5:00,23.22,4372,1970
7/2/2021,6:00,23.59,4373,1970
7/2/2021,7:00,28.15,4374,1970
7/2/2021,8:00,29.13,4375,1970
7/2/2021,9:00,29.13,4376,1970
7/2/2021,10:00,31.16,4377,1970
7/2/2021,11:00,34.19,4378,1970
7/2/2021,12:00,37.33,4379,1970
7/2/2021,13:00,44.78,4380,1970
7/2/2021,14:00,49.99,4381,1970
7/2/2021,15:00,57.97,4382,1970
7/2/2021,16:00,70.58,4383,1970
7/2/2021,17:00,74.66,4384,1970
7/2/2021,18:00,51.44,4385,1970
7/2/2021,19:00,44.94,4386,1970
7/2/2021,20:00,44.95,4387,1970
7/2/2021,21:00,41.58,4388,1970
7/2/2021,22:00,35.77,4389,1970
7/2/2021,23:00,31.18,4390,1970
7/2/2021,24:00:00,29.41,4391,1970
7/3/2021,1:00,27.35,4392,1970
7/3/2021,2:00,26.8,4393,1970
7/3/2021,3:00,25.38,4394,1970
7/3/2021,4:00,24.57,4395,1970
7/3/2021,5:00,24.13,4396,1970
7/3/2021,6:00,23.73,4397,1970
7/3/2021,7:00,24.32,4398,1970
7/3/2021,8:00,25.01,4399,1970
7/3/2021,9:00,24.51,4400,1970
7/3/2021,10:00,25.01,4401,1970
7/3/2021,11:00,27.35,4402,1970
7/3/2021,12:00,31.25,4403,1970
7/3/2021,13:00,33.9,4404,1970
7/3/2021,14:00,35.24,4405,1970
7/3/2021,15:00,38.39,4406,1970
7/3/2021,16:00,46.52,4407,1970
7/3/2021,17:00,49.93,4408,1970
7/3/2021,18:00,42.22,4409,1970
7/3/2021,19:00,35.72,4410,1970
7/3/2021,20:00,35.99,4411,1970
7/3/2021,21:00,33.45,4412,1970
7/3/2021,22:00,30.48,4413,1970
7/3/2021,23:00,30.48,4414,1970
7/3/2021,24:00:00,28.09,4415,1970
7/4/2021,1:00,26.12,4416,1970
7/4/2021,2:00,25.96,4417,1970
7/4/2021,3:00,24.13,4418,1970
7/4/2021,4:00,24.02,4419,1970
7/4/2021,5:00,23.44,4420,1970
7/4/2021,6:00,22.24,4421,1970
7/4/2021,7:00,21.42,4422,1970
7/4/2021,8:00,22.56,4423,1970
7/4/2021,9:00,24.34,4424,1970
7/4/2021,10:00,25.01,4425,1970
7/4/2021,11:00,25.57,4426,1970
7/4/2021,12:00,29.81,4427,1970
7/4/2021,13:00,32.97,4428,1970
7/4/2021,14:00,36.04,4429,1970
7/4/2021,15:00,40.0,4430,1970
7/4/2021,16:00,48.01,4431,1970
7/4/2021,17:00,48.74,4432,1970
7/4/2021,18:00,41.63,4433,1970
7/4/2021,19:00,35.24,4434,1970
7/4/2021,20:00,34.38,4435,1970
7/4/2021,21:00,31.05,4436,1970
7/4/2021,22:00,29.89,4437,1970
7/4/2021,23:00,28.55,4438,1970
7/4/2021,24:00:00,26.7,4439,1970
7/5/2021,1:00,25.3,4440,1970
7/5/2021,2:00,23.83,4441,1970
7/5/2021,3:00,22.49,4442,1970
7/5/2021,4:00,21.76,4443,1970
7/5/2021,5:00,22.1,4444,1970
7/5/2021,6:00,22.54,4445,1970
7/5/2021,7:00,23.1,4446,1970
7/5/2021,8:00,23.39,4447,1970
7/5/2021,9:00,25.03,4448,1970
7/5/2021,10:00,24.35,4449,1970
7/5/2021,11:00,28.4,4450,1970
7/5/2021,12:00,31.99,4451,1970
7/5/2021,13:00,33.4,4452,1970
7/5/2021,14:00,36.64,4453,1970
7/5/2021,15:00,40.61,4454,1970
7/5/2021,16:00,46.07,4455,1970
7/5/2021,17:00,45.18,4456,1970
7/5/2021,18:00,42.3,4457,1970
7/5/2021,19:00,35.18,4458,1970
7/5/2021,20:00,35.0,4459,1970
7/5/2021,21:00,32.6,4460,1970
7/5/2021,22:00,31.0,4461,1970
7/5/2021,23:00,30.31,4462,1970
7/5/2021,24:00:00,27.14,4463,1970
7/6/2021,1:00,31.34,4464,1970
7/6/2021,2:00,25.01,4465,1970
7/6/2021,3:00,24.01,4466,1970
7/6/2021,4:00,24.01,4467,1970
7/6/2021,5:00,24.01,4468,1970
7/6/2021,6:00,24.29,4469,1970
7/6/2021,7:00,24.88,4470,1970
7/6/2021,8:00,26.36,4471,1970
7/6/2021,9:00,30.2,4472,1970
7/6/2021,10:00,29.0,4473,1970
7/6/2021,11:00,31.0,4474,1970
7/6/2021,12:00,33.52,4475,1970
7/6/2021,13:00,34.18,4476,1970
7/6/2021,14:00,39.85,4477,1970
7/6/2021,15:00,39.89,4478,1970
7/6/2021,16:00,49.33,4479,1970
7/6/2021,17:00,49.89,4480,1970
7/6/2021,18:00,46.12,4481,1970
7/6/2021,19:00,37.84,4482,1970
7/6/2021,20:00,37.13,4483,1970
7/6/2021,21:00,34.16,4484,1970
7/6/2021,22:00,32.04,4485,1970
7/6/2021,23:00,32.0,4486,1970
7/6/2021,24:00:00,28.68,4487,1970
7/7/2021,1:00,28.66,4488,1970
7/7/2021,2:00,26.47,4489,1970
7/7/2021,3:00,25.14,4490,1970
7/7/2021,4:00,24.23,4491,1970
7/7/2021,5:00,24.44,4492,1970
7/7/2021,6:00,25.01,4493,1970
7/7/2021,7:00,26.58,4494,1970
7/7/2021,8:00,26.86,4495,1970
7/7/2021,9:00,28.02,4496,1970
7/7/2021,10:00,27.93,4497,1970
7/7/2021,11:00,29.92,4498,1970
7/7/2021,12:00,29.87,4499,1970
7/7/2021,13:00,30.86,4500,1970
7/7/2021,14:00,34.52,4501,1970
7/7/2021,15:00,38.83,4502,1970
7/7/2021,16:00,47.75,4503,1970
7/7/2021,17:00,48.79,4504,1970
7/7/2021,18:00,41.28,4505,1970
7/7/2021,19:00,36.93,4506,1970
7/7/2021,20:00,40.23,4507,1970
7/7/2021,21:00,36.56,4508,1970
7/7/2021,22:00,33.62,4509,1970
7/7/2021,23:00,31.1,4510,1970
7/7/2021,24:00:00,30.0,4511,1970
7/8/2021,1:00,30.0,4512,1970
7/8/2021,2:00,26.51,4513,1970
7/8/2021,3:00,25.15,4514,1970
7/8/2021,4:00,24.54,4515,1970
7/8/2021,5:00,25.06,4516,1970
7/8/2021,6:00,26.0,4517,1970
7/8/2021,7:00,30.0,4518,1970
7/8/2021,8:00,28.9,4519,1970
7/8/2021,9:00,28.89,4520,1970
7/8/2021,10:00,30.0,4521,1970
7/8/2021,11:00,32.69,4522,1970
7/8/2021,12:00,33.38,4523,1970
7/8/2021,13:00,44.16,4524,1970
7/8/2021,14:00,46.58,4525,1970
7/8/2021,15:00,50.28,4526,1970
7/8/2021,16:00,59.73,4527,1970
7/8/2021,17:00,53.38,4528,1970
7/8/2021,18:00,48.52,4529,1970
7/8/2021,19:00,37.46,4530,1970
7/8/2021,20:00,44.98,4531,1970
7/8/2021,21:00,44.16,4532,1970
7/8/2021,22:00,30.6,4533,1970
7/8/2021,23:00,30.38,4534,1970
7/8/2021,24:00:00,28.19,4535,1970
7/9/2021,1:00,25.0,4536,1970
7/9/2021,2:00,23.67,4537,1970
7/9/2021,3:00,22.64,4538,1970
7/9/2021,4:00,22.66,4539,1970
7/9/2021,5:00,24.28,4540,1970
7/9/2021,6:00,25.0,4541,1970
7/9/2021,7:00,25.0,4542,1970
7/9/2021,8:00,25.0,4543,1970
7/9/2021,9:00,25.88,4544,1970
7/9/2021,10:00,28.44,4545,1970
7/9/2021,11:00,32.88,4546,1970
7/9/2021,12:00,32.71,4547,1970
7/9/2021,13:00,36.0,4548,1970
7/9/2021,14:00,40.96,4549,1970
7/9/2021,15:00,47.08,4550,1970
7/9/2021,16:00,53.75,4551,1970
7/9/2021,17:00,65.65,4552,1970
7/9/2021,18:00,44.41,4553,1970
7/9/2021,19:00,36.64,4554,1970
7/9/2021,20:00,35.76,4555,1970
7/9/2021,21:00,33.91,4556,1970
7/9/2021,22:00,29.52,4557,1970
7/9/2021,23:00,27.94,4558,1970
7/9/2021,24:00:00,25.7,4559,1970
7/10/2021,1:00,24.0,4560,1970
7/10/2021,2:00,21.1,4561,1970
7/10/2021,3:00,19.17,4562,1970
7/10/2021,4:00,19.17,4563,1970
7/10/2021,5:00,19.29,4564,1970
7/10/2021,6:00,19.27,4565,1970
7/10/2021,7:00,22.23,4566,1970
7/10/2021,8:00,23.29,4567,1970
7/10/2021,9:00,24.51,4568,1970
7/10/2021,10:00,24.61,4569,1970
7/10/2021,11:00,24.42,4570,1970
7/10/2021,12:00,25.25,4571,1970
7/10/2021,13:00,28.84,4572,1970
7/10/2021,14:00,32.38,4573,1970
7/10/2021,15:00,39.43,4574,1970
7/10/2021,16:00,46.68,4575,1970
7/10/2021,17:00,47.27,4576,1970
7/10/2021,18:00,37.37,4577,1970
7/10/2021,19:00,32.8,4578,1970
7/10/2021,20:00,34.35,4579,1970
7/10/2021,21:00,31.65,4580,1970
7/10/2021,22:00,27.3,4581,1970
7/10/2021,23:00,24.62,4582,1970
7/10/2021,24:00:00,23.95,4583,1970
7/11/2021,1:00,25.0,4584,1970
7/11/2021,2:00,25.0,4585,1970
7/11/2021,3:00,25.0,4586,1970
7/11/2021,4:00,24.15,4587,1970
7/11/2021,5:00,24.53,4588,1970
7/11/2021,6:00,23.81,4589,1970
7/11/2021,7:00,25.0,4590,1970
7/11/2021,8:00,25.0,4591,1970
7/11/2021,9:00,26.95,4592,1970
7/11/2021,10:00,26.94,4593,1970
7/11/2021,11:00,29.69,4594,1970
7/11/2021,12:00,32.69,4595,1970
7/11/2021,13:00,37.82,4596,1970
7/11/2021,14:00,39.47,4597,1970
7/11/2021,15:00,47.89,4598,1970
7/11/2021,16:00,52.23,4599,1970
7/11/2021,17:00,66.3,4600,1970
7/11/2021,18:00,60.77,4601,1970
7/11/2021,19:00,45.27,4602,1970
7/11/2021,20:00,47.35,4603,1970
7/11/2021,21:00,49.79,4604,1970
7/11/2021,22:00,42.72,4605,1970
7/11/2021,23:00,32.85,4606,1970
7/11/2021,24:00:00,29.08,4607,1970
7/12/2021,1:00,24.53,4608,1970
7/12/2021,2:00,23.21,4609,1970
7/12/2021,3:00,21.59,4610,1970
7/12/2021,4:00,20.89,4611,1970
7/12/2021,5:00,21.7,4612,1970
7/12/2021,6:00,22.74,4613,1970
7/12/2021,7:00,24.89,4614,1970
7/12/2021,8:00,24.74,4615,1970
7/12/2021,9:00,25.55,4616,1970
7/12/2021,10:00,28.54,4617,1970
7/12/2021,11:00,30.8,4618,1970
7/12/2021,12:00,35.07,4619,1970
7/12/2021,13:00,40.08,4620,1970
7/12/2021,14:00,47.28,4621,1970
7/12/2021,15:00,52.33,4622,1970
7/12/2021,16:00,68.68,4623,1970
7/12/2021,17:00,69.19,4624,1970
7/12/2021,18:00,52.22,4625,1970
7/12/2021,19:00,40.92,4626,1970
7/12/2021,20:00,44.32,4627,1970
7/12/2021,21:00,36.95,4628,1970
7/12/2021,22:00,30.72,4629,1970
7/12/2021,23:00,28.2,4630,1970
7/12/2021,24:00:00,24.3,4631,1970
7/13/2021,1:00,24.98,4632,1970
7/13/2021,2:00,23.47,4633,1970
7/13/2021,3:00,21.43,4634,1970
7/13/2021,4:00,20.42,4635,1970
7/13/2021,5:00,20.66,4636,1970
7/13/2021,6:00,21.63,4637,1970
7/13/2021,7:00,22.8,4638,1970
7/13/2021,8:00,24.32,4639,1970
7/13/2021,9:00,24.62,4640,1970
7/13/2021,10:00,25.0,4641,1970
7/13/2021,11:00,27.69,4642,1970
7/13/2021,12:00,30.34,4643,1970
7/13/2021,13:00,40.39,4644,1970
7/13/2021,14:00,41.92,4645,1970
7/13/2021,15:00,49.64,4646,1970
7/13/2021,16:00,63.94,4647,1970
7/13/2021,17:00,62.77,4648,1970
7/13/2021,18:00,43.8,4649,1970
7/13/2021,19:00,36.09,4650,1970
7/13/2021,20:00,36.89,4651,1970
7/13/2021,21:00,33.03,4652,1970
7/13/2021,22:00,29.58,4653,1970
7/13/2021,23:00,26.99,4654,1970
7/13/2021,24:00:00,23.64,4655,1970
7/14/2021,1:00,22.72,4656,1970
7/14/2021,2:00,20.77,4657,1970
7/14/2021,3:00,18.35,4658,1970
7/14/2021,4:00,18.25,4659,1970
7/14/2021,5:00,18.75,4660,1970
7/14/2021,6:00,19.77,4661,1970
7/14/2021,7:00,21.66,4662,1970
7/14/2021,8:00,22.79,4663,1970
7/14/2021,9:00,22.52,4664,1970
7/14/2021,10:00,22.24,4665,1970
7/14/2021,11:00,24.88,4666,1970
7/14/2021,12:00,26.58,4667,1970
7/14/2021,13:00,31.27,4668,1970
7/14/2021,14:00,37.78,4669,1970
7/14/2021,15:00,44.87,4670,1970
7/14/2021,16:00,50.24,4671,1970
7/14/2021,17:00,51.61,4672,1970
7/14/2021,18:00,36.67,4673,1970
7/14/2021,19:00,33.84,4674,1970
7/14/2021,20:00,35.61,4675,1970
7/14/2021,21:00,34.14,4676,1970
7/14/2021,22:00,28.81,4677,1970
7/14/2021,23:00,24.75,4678,1970
7/14/2021,24:00:00,24.4,4679,1970
7/15/2021,1:00,21.2,4680,1970
7/15/2021,2:00,19.36,4681,1970
7/15/2021,3:00,18.04,4682,1970
7/15/2021,4:00,18.02,4683,1970
7/15/2021,5:00,19.1,4684,1970
7/15/2021,6:00,20.26,4685,1970
7/15/2021,7:00,22.16,4686,1970
7/15/2021,8:00,22.35,4687,1970
7/15/2021,9:00,22.29,4688,1970
7/15/2021,10:00,23.11,4689,1970
7/15/2021,11:00,25.39,4690,1970
7/15/2021,12:00,29.16,4691,1970
7/15/2021,13:00,35.2,4692,1970
7/15/2021,14:00,42.48,4693,1970
7/15/2021,15:00,50.18,4694,1970
7/15/2021,16:00,57.51,4695,1970
7/15/2021,17:00,57.29,4696,1970
7/15/2021,18:00,44.85,4697,1970
7/15/2021,19:00,35.35,4698,1970
7/15/2021,20:00,37.79,4699,1970
7/15/2021,21:00,34.68,4700,1970
7/15/2021,22:00,29.61,4701,1970
7/15/2021,23:00,28.05,4702,1970
7/15/2021,24:00:00,26.24,4703,1970
7/16/2021,1:00,22.94,4704,1970
7/16/2021,2:00,19.4,4705,1970
7/16/2021,3:00,17.5,4706,1970
7/16/2021,4:00,17.89,4707,1970
7/16/2021,5:00,18.94,4708,1970
7/16/2021,6:00,20.38,4709,1970
7/16/2021,7:00,24.89,4710,1970
7/16/2021,8:00,27.58,4711,1970
7/16/2021,9:00,24.87,4712,1970
7/16/2021,10:00,24.9,4713,1970
7/16/2021,11:00,25.27,4714,1970
7/16/2021,12:00,32.09,4715,1970
7/16/2021,13:00,37.74,4716,1970
7/16/2021,14:00,48.86,4717,1970
7/16/2021,15:00,52.73,4718,1970
7/16/2021,16:00,58.92,4719,1970
7/16/2021,17:00,71.44,4720,1970
7/16/2021,18:00,42.82,4721,1970
7/16/2021,19:00,35.82,4722,1970
7/16/2021,20:00,37.86,4723,1970
7/16/2021,21:00,36.3,4724,1970
7/16/2021,22:00,29.42,4725,1970
7/16/2021,23:00,27.78,4726,1970
7/16/2021,24:00:00,25.96,4727,1970
7/17/2021,1:00,24.43,4728,1970
7/17/2021,2:00,21.88,4729,1970
7/17/2021,3:00,19.93,4730,1970
7/17/2021,4:00,20.04,4731,1970
7/17/2021,5:00,20.79,4732,1970
7/17/2021,6:00,25.97,4733,1970
7/17/2021,7:00,26.58,4734,1970
7/17/2021,8:00,27.43,4735,1970
7/17/2021,9:00,26.76,4736,1970
7/17/2021,10:00,26.15,4737,1970
7/17/2021,11:00,31.95,4738,1970
7/17/2021,12:00,34.17,4739,1970
7/17/2021,13:00,44.31,4740,1970
7/17/2021,14:00,49.04,4741,1970
7/17/2021,15:00,55.77,4742,1970
7/17/2021,16:00,66.14,4743,1970
7/17/2021,17:00,65.41,4744,1970
7/17/2021,18:00,50.75,4745,1970
7/17/2021,19:00,39.85,4746,1970
7/17/2021,20:00,46.71,4747,1970
7/17/2021,21:00,54.2,4748,1970
7/17/2021,22:00,35.46,4749,1970
7/17/2021,23:00,33.74,4750,1970
7/17/2021,24:00:00,28.24,4751,1970
7/18/2021,1:00,24.11,4752,1970
7/18/2021,2:00,22.55,4753,1970
7/18/2021,3:00,21.4,4754,1970
7/18/2021,4:00,21.32,4755,1970
7/18/2021,5:00,21.39,4756,1970
7/18/2021,6:00,21.93,4757,1970
7/18/2021,7:00,23.71,4758,1970
7/18/2021,8:00,24.85,4759,1970
7/18/2021,9:00,24.32,4760,1970
7/18/2021,10:00,25.13,4761,1970
7/18/2021,11:00,30.03,4762,1970
7/18/2021,12:00,36.74,4763,1970
7/18/2021,13:00,46.97,4764,1970
7/18/2021,14:00,51.63,4765,1970
7/18/2021,15:00,69.29,4766,1970
7/18/2021,16:00,84.42,4767,1970
7/18/2021,17:00,113.69,4768,1970
7/18/2021,18:00,60.12,4769,1970
7/18/2021,19:00,45.83,4770,1970
7/18/2021,20:00,48.85,4771,1970
7/18/2021,21:00,67.23,4772,1970
7/18/2021,22:00,42.77,4773,1970
7/18/2021,23:00,33.38,4774,1970
7/18/2021,24:00:00,28.26,4775,1970
7/19/2021,1:00,25.01,4776,1970
7/19/2021,2:00,23.56,4777,1970
7/19/2021,3:00,22.1,4778,1970
7/19/2021,4:00,21.68,4779,1970
7/19/2021,5:00,21.66,4780,1970
7/19/2021,6:00,24.96,4781,1970
7/19/2021,7:00,26.35,4782,1970
7/19/2021,8:00,26.54,4783,1970
7/19/2021,9:00,26.75,4784,1970
7/19/2021,10:00,29.95,4785,1970
7/19/2021,11:00,34.85,4786,1970
7/19/2021,12:00,40.27,4787,1970
7/19/2021,13:00,46.44,4788,1970
7/19/2021,14:00,70.73,4789,1970
7/19/2021,15:00,101.94,4790,1970
7/19/2021,16:00,159.22,4791,1970
7/19/2021,17:00,169.42,4792,1970
7/19/2021,18:00,86.45,4793,1970
7/19/2021,19:00,54.96,4794,1970
7/19/2021,20:00,55.01,4795,1970
7/19/2021,21:00,55.0,4796,1970
7/19/2021,22:00,52.27,4797,1970
7/19/2021,23:00,32.91,4798,1970
7/19/2021,24:00:00,29.1,4799,1970
7/20/2021,1:00,25.81,4800,1970
7/20/2021,2:00,23.01,4801,1970
7/20/2021,3:00,22.44,4802,1970
7/20/2021,4:00,21.94,4803,1970
7/20/2021,5:00,22.05,4804,1970
7/20/2021,6:00,22.74,4805,1970
7/20/2021,7:00,24.23,4806,1970
7/20/2021,8:00,24.06,4807,1970
7/20/2021,9:00,24.74,4808,1970
7/20/2021,10:00,25.61,4809,1970
7/20/2021,11:00,27.44,4810,1970
7/20/2021,12:00,30.73,4811,1970
7/20/2021,13:00,34.27,4812,1970
7/20/2021,14:00,37.79,4813,1970
7/20/2021,15:00,40.78,4814,1970
7/20/2021,16:00,48.9,4815,1970
7/20/2021,17:00,49.47,4816,1970
7/20/2021,18:00,41.35,4817,1970
7/20/2021,19:00,36.11,4818,1970
7/20/2021,20:00,39.66,4819,1970
7/20/2021,21:00,39.37,4820,1970
7/20/2021,22:00,35.51,4821,1970
7/20/2021,23:00,30.47,4822,1970
7/20/2021,24:00:00,26.06,4823,1970
7/21/2021,1:00,24.74,4824,1970
7/21/2021,2:00,23.6,4825,1970
7/21/2021,3:00,22.62,4826,1970
7/21/2021,4:00,22.16,4827,1970
7/21/2021,5:00,22.59,4828,1970
7/21/2021,6:00,23.48,4829,1970
7/21/2021,7:00,24.76,4830,1970
7/21/2021,8:00,24.6,4831,1970
7/21/2021,9:00,24.76,4832,1970
7/21/2021,10:00,25.13,4833,1970
7/21/2021,11:00,29.73,4834,1970
7/21/2021,12:00,33.93,4835,1970
7/21/2021,13:00,40.08,4836,1970
7/21/2021,14:00,47.81,4837,1970
7/21/2021,15:00,61.31,4838,1970
7/21/2021,16:00,65.14,4839,1970
7/21/2021,17:00,62.5,4840,1970
7/21/2021,18:00,49.91,4841,1970
7/21/2021,19:00,42.51,4842,1970
7/21/2021,20:00,43.15,4843,1970
7/21/2021,21:00,39.84,4844,1970
7/21/2021,22:00,31.17,4845,1970
7/21/2021,23:00,27.95,4846,1970
7/21/2021,24:00:00,25.06,4847,1970
7/22/2021,1:00,23.36,4848,1970
7/22/2021,2:00,21.0,4849,1970
7/22/2021,3:00,20.12,4850,1970
7/22/2021,4:00,19.8,4851,1970
7/22/2021,5:00,20.46,4852,1970
7/22/2021,6:00,20.91,4853,1970
7/22/2021,7:00,25.56,4854,1970
7/22/2021,8:00,25.28,4855,1970
7/22/2021,9:00,25.31,4856,1970
7/22/2021,10:00,26.06,4857,1970
7/22/2021,11:00,28.53,4858,1970
7/22/2021,12:00,33.23,4859,1970
7/22/2021,13:00,41.2,4860,1970
7/22/2021,14:00,51.55,4861,1970
7/22/2021,15:00,57.12,4862,1970
7/22/2021,16:00,68.97,4863,1970
7/22/2021,17:00,65.83,4864,1970
7/22/2021,18:00,51.67,4865,1970
7/22/2021,19:00,40.69,4866,1970
7/22/2021,20:00,39.32,4867,1970
7/22/2021,21:00,38.07,4868,1970
7/22/2021,22:00,31.68,4869,1970
7/22/2021,23:00,27.52,4870,1970
7/22/2021,24:00:00,25.12,4871,1970
7/23/2021,1:00,22.27,4872,1970
7/23/2021,2:00,19.92,4873,1970
7/23/2021,3:00,17.64,4874,1970
7/23/2021,4:00,17.16,4875,1970
7/23/2021,5:00,18.53,4876,1970
7/23/2021,6:00,19.85,4877,1970
7/23/2021,7:00,22.42,4878,1970
7/23/2021,8:00,23.36,4879,1970
7/23/2021,9:00,23.65,4880,1970
7/23/2021,10:00,25.18,4881,1970
7/23/2021,11:00,25.23,4882,1970
7/23/2021,12:00,30.57,4883,1970
7/23/2021,13:00,32.47,4884,1970
7/23/2021,14:00,41.21,4885,1970
7/23/2021,15:00,47.08,4886,1970
7/23/2021,16:00,54.19,4887,1970
7/23/2021,17:00,60.69,4888,1970
7/23/2021,18:00,47.32,4889,1970
7/23/2021,19:00,41.18,4890,1970
7/23/2021,20:00,39.82,4891,1970
7/23/2021,21:00,35.31,4892,1970
7/23/2021,22:00,32.29,4893,1970
7/23/2021,23:00,28.57,4894,1970
7/23/2021,24:00:00,26.39,4895,1970
7/24/2021,1:00,21.25,4896,1970
7/24/2021,2:00,16.72,4897,1970
7/24/2021,3:00,12.73,4898,1970
7/24/2021,4:00,10.66,4899,1970
7/24/2021,5:00,12.77,4900,1970
7/24/2021,6:00,14.83,4901,1970
7/24/2021,7:00,21.77,4902,1970
7/24/2021,8:00,23.35,4903,1970
7/24/2021,9:00,25.37,4904,1970
7/24/2021,10:00,26.33,4905,1970
7/24/2021,11:00,27.86,4906,1970
7/24/2021,12:00,30.63,4907,1970
7/24/2021,13:00,35.93,4908,1970
7/24/2021,14:00,42.36,4909,1970
7/24/2021,15:00,47.32,4910,1970
7/24/2021,16:00,59.52,4911,1970
7/24/2021,17:00,75.4,4912,1970
7/24/2021,18:00,61.98,4913,1970
7/24/2021,19:00,45.25,4914,1970
7/24/2021,20:00,45.0,4915,1970
7/24/2021,21:00,38.61,4916,1970
7/24/2021,22:00,32.4,4917,1970
7/24/2021,23:00,28.38,4918,1970
7/24/2021,24:00:00,26.1,4919,1970
7/25/2021,1:00,21.76,4920,1970
7/25/2021,2:00,18.89,4921,1970
7/25/2021,3:00,14.94,4922,1970
7/25/2021,4:00,15.86,4923,1970
7/25/2021,5:00,14.99,4924,1970
7/25/2021,6:00,17.29,4925,1970
7/25/2021,7:00,22.0,4926,1970
7/25/2021,8:00,25.05,4927,1970
7/25/2021,9:00,26.3,4928,1970
7/25/2021,10:00,27.13,4929,1970
7/25/2021,11:00,30.89,4930,1970
7/25/2021,12:00,37.75,4931,1970
7/25/2021,13:00,45.77,4932,1970
7/25/2021,14:00,53.65,4933,1970
7/25/2021,15:00,66.5,4934,1970
7/25/2021,16:00,86.89,4935,1970
7/25/2021,17:00,119.45,4936,1970
7/25/2021,18:00,84.67,4937,1970
7/25/2021,19:00,55.81,4938,1970
7/25/2021,20:00,53.3,4939,1970
7/25/2021,21:00,50.18,4940,1970
7/25/2021,22:00,39.12,4941,1970
7/25/2021,23:00,31.22,4942,1970
7/25/2021,24:00:00,26.65,4943,1970
7/26/2021,1:00,25.2,4944,1970
7/26/2021,2:00,22.45,4945,1970
7/26/2021,3:00,21.42,4946,1970
7/26/2021,4:00,21.1,4947,1970
7/26/2021,5:00,21.25,4948,1970
7/26/2021,6:00,22.61,4949,1970
7/26/2021,7:00,25.98,4950,1970
7/26/2021,8:00,26.05,4951,1970
7/26/2021,9:00,27.82,4952,1970
7/26/2021,10:00,30.55,4953,1970
7/26/2021,11:00,37.15,4954,1970
7/26/2021,12:00,45.5,4955,1970
7/26/2021,13:00,57.38,4956,1970
7/26/2021,14:00,132.13,4957,1970
7/26/2021,15:00,266.76,4958,1970
7/26/2021,16:00,364.41,4959,1970
7/26/2021,17:00,421.62,4960,1970
7/26/2021,18:00,280.26,4961,1970
7/26/2021,19:00,112.74,4962,1970
7/26/2021,20:00,111.27,4963,1970
7/26/2021,21:00,75.11,4964,1970
7/26/2021,22:00,48.63,4965,1970
7/26/2021,23:00,34.93,4966,1970
7/26/2021,24:00:00,28.86,4967,1970
7/27/2021,1:00,25.89,4968,1970
7/27/2021,2:00,24.75,4969,1970
7/27/2021,3:00,22.8,4970,1970
7/27/2021,4:00,22.24,4971,1970
7/27/2021,5:00,21.96,4972,1970
7/27/2021,6:00,23.0,4973,1970
7/27/2021,7:00,24.64,4974,1970
7/27/2021,8:00,25.28,4975,1970
7/27/2021,9:00,24.93,4976,1970
7/27/2021,10:00,28.08,4977,1970
7/27/2021,11:00,35.43,4978,1970
7/27/2021,12:00,42.29,4979,1970
7/27/2021,13:00,55.0,4980,1970
7/27/2021,14:00,109.44,4981,1970
7/27/2021,15:00,236.23,4982,1970
7/27/2021,16:00,358.06,4983,1970
7/27/2021,17:00,427.05,4984,1970
7/27/2021,18:00,270.0,4985,1970
7/27/2021,19:00,93.73,4986,1970
7/27/2021,20:00,76.5,4987,1970
7/27/2021,21:00,56.67,4988,1970
7/27/2021,22:00,42.03,4989,1970
7/27/2021,23:00,34.56,4990,1970
7/27/2021,24:00:00,29.91,4991,1970
7/28/2021,1:00,28.02,4992,1970
7/28/2021,2:00,26.32,4993,1970
7/28/2021,3:00,24.66,4994,1970
7/28/2021,4:00,23.45,4995,1970
7/28/2021,5:00,23.4,4996,1970
7/28/2021,6:00,25.35,4997,1970
7/28/2021,7:00,26.69,4998,1970
7/28/2021,8:00,27.31,4999,1970
7/28/2021,9:00,27.49,5000,1970
7/28/2021,10:00,29.99,5001,1970
7/28/2021,11:00,36.47,5002,1970
7/28/2021,12:00,42.94,5003,1970
7/28/2021,13:00,53.41,5004,1970
7/28/2021,14:00,70.26,5005,1970
7/28/2021,15:00,133.62,5006,1970
7/28/2021,16:00,154.79,5007,1970
7/28/2021,17:00,169.51,5008,1970
7/28/2021,18:00,95.59,5009,1970
7/28/2021,19:00,58.06,5010,1970
7/28/2021,20:00,54.38,5011,1970
7/28/2021,21:00,46.02,5012,1970
7/28/2021,22:00,40.18,5013,1970
7/28/2021,23:00,34.67,5014,1970
7/28/2021,24:00:00,32.02,5015,1970
7/29/2021,1:00,27.96,5016,1970
7/29/2021,2:00,26.58,5017,1970
7/29/2021,3:00,25.14,5018,1970
7/29/2021,4:00,24.3,5019,1970
7/29/2021,5:00,24.52,5020,1970
7/29/2021,6:00,25.99,5021,1970
7/29/2021,7:00,29.71,5022,1970
7/29/2021,8:00,27.65,5023,1970
7/29/2021,9:00,27.28,5024,1970
7/29/2021,10:00,30.94,5025,1970
7/29/2021,11:00,36.59,5026,1970
7/29/2021,12:00,46.51,5027,1970
7/29/2021,13:00,51.22,5028,1970
7/29/2021,14:00,92.51,5029,1970
7/29/2021,15:00,179.26,5030,1970
7/29/2021,16:00,203.95,5031,1970
7/29/2021,17:00,226.25,5032,1970
7/29/2021,18:00,115.76,5033,1970
7/29/2021,19:00,65.35,5034,1970
7/29/2021,20:00,53.3,5035,1970
7/29/2021,21:00,49.69,5036,1970
7/29/2021,22:00,43.31,5037,1970
7/29/2021,23:00,36.4,5038,1970
7/29/2021,24:00:00,30.51,5039,1970
7/30/2021,1:00,29.55,5040,1970
7/30/2021,2:00,27.84,5041,1970
7/30/2021,3:00,27.33,5042,1970
7/30/2021,4:00,26.85,5043,1970
7/30/2021,5:00,27.31,5044,1970
7/30/2021,6:00,27.89,5045,1970
7/30/2021,7:00,27.95,5046,1970
7/30/2021,8:00,28.0,5047,1970
7/30/2021,9:00,28.31,5048,1970
7/30/2021,10:00,32.61,5049,1970
7/30/2021,11:00,36.97,5050,1970
7/30/2021,12:00,45.56,5051,1970
7/30/2021,13:00,54.8,5052,1970
7/30/2021,14:00,90.44,5053,1970
7/30/2021,15:00,171.35,5054,1970
7/30/2021,16:00,215.59,5055,1970
7/30/2021,17:00,218.26,5056,1970
7/30/2021,18:00,116.49,5057,1970
7/30/2021,19:00,61.8,5058,1970
7/30/2021,20:00,51.96,5059,1970
7/30/2021,21:00,47.73,5060,1970
7/30/2021,22:00,42.77,5061,1970
7/30/2021,23:00,36.54,5062,1970
7/30/2021,24:00:00,30.69,5063,1970
7/31/2021,1:00,28.68,5064,1970
7/31/2021,2:00,26.68,5065,1970
7/31/2021,3:00,24.08,5066,1970
7/31/2021,4:00,22.77,5067,1970
7/31/2021,5:00,22.11,5068,1970
7/31/2021,6:00,22.75,5069,1970
7/31/2021,7:00,27.31,5070,1970
7/31/2021,8:00,26.83,5071,1970
7/31/2021,9:00,28.24,5072,1970
7/31/2021,10:00,29.96,5073,1970
7/31/2021,11:00,35.84,5074,1970
7/31/2021,12:00,44.83,5075,1970
7/31/2021,13:00,50.12,5076,1970
7/31/2021,14:00,61.02,5077,1970
7/31/2021,15:00,123.16,5078,1970
7/31/2021,16:00,172.38,5079,1970
7/31/2021,17:00,179.81,5080,1970
7/31/2021,18:00,106.94,5081,1970
7/31/2021,19:00,61.58,5082,1970
7/31/2021,20:00,57.31,5083,1970
7/31/2021,21:00,54.28,5084,1970
7/31/2021,22:00,45.65,5085,1970
7/31/2021,23:00,34.75,5086,1970
7/31/2021,24:00:00,30.59,5087,1970
8/1/2021,1:00,28.44,5088,1970
8/1/2021,2:00,28.05,5089,1970
8/1/2021,3:00,24.77,5090,1970
8/1/2021,4:00,23.54,5091,1970
8/1/2021,5:00,23.29,5092,1970
8/1/2021,6:00,23.07,5093,1970
8/1/2021,7:00,26.01,5094,1970
8/1/2021,8:00,26.4,5095,1970
8/1/2021,9:00,27.05,5096,1970
8/1/2021,10:00,26.57,5097,1970
8/1/2021,11:00,34.37,5098,1970
8/1/2021,12:00,41.93,5099,1970
8/1/2021,13:00,46.45,5100,1970
8/1/2021,14:00,63.48,5101,1970
8/1/2021,15:00,89.25,5102,1970
8/1/2021,16:00,102.02,5103,1970
8/1/2021,17:00,88.92,5104,1970
8/1/2021,18:00,70.19,5105,1970
8/1/2021,19:00,53.67,5106,1970
8/1/2021,20:00,52.78,5107,1970
8/1/2021,21:00,48.38,5108,1970
8/1/2021,22:00,45.85,5109,1970
8/1/2021,23:00,36.03,5110,1970
8/1/2021,24:00:00,32.07,5111,1970
8/2/2021,1:00,27.66,5112,1970
8/2/2021,2:00,25.66,5113,1970
8/2/2021,3:00,23.79,5114,1970
8/2/2021,4:00,23.37,5115,1970
8/2/2021,5:00,23.5,5116,1970
8/2/2021,6:00,24.74,5117,1970
8/2/2021,7:00,27.55,5118,1970
8/2/2021,8:00,26.07,5119,1970
8/2/2021,9:00,26.67,5120,1970
8/2/2021,10:00,27.59,5121,1970
8/2/2021,11:00,32.69,5122,1970
8/2/2021,12:00,36.48,5123,1970
8/2/2021,13:00,40.14,5124,1970
8/2/2021,14:00,45.88,5125,1970
8/2/2021,15:00,50.27,5126,1970
8/2/2021,16:00,61.09,5127,1970
8/2/2021,17:00,63.79,5128,1970
8/2/2021,18:00,48.74,5129,1970
8/2/2021,19:00,43.02,5130,1970
8/2/2021,20:00,45.84,5131,1970
8/2/2021,21:00,44.61,5132,1970
8/2/2021,22:00,36.52,5133,1970
8/2/2021,23:00,33.8,5134,1970
8/2/2021,24:00:00,30.59,5135,1970
8/3/2021,1:00,27.8,5136,1970
8/3/2021,2:00,25.68,5137,1970
8/3/2021,3:00,24.12,5138,1970
8/3/2021,4:00,23.35,5139,1970
8/3/2021,5:00,23.88,5140,1970
8/3/2021,6:00,25.3,5141,1970
8/3/2021,7:00,29.94,5142,1970
8/3/2021,8:00,28.01,5143,1970
8/3/2021,9:00,27.29,5144,1970
8/3/2021,10:00,28.27,5145,1970
8/3/2021,11:00,29.92,5146,1970
8/3/2021,12:00,36.01,5147,1970
8/3/2021,13:00,38.73,5148,1970
8/3/2021,14:00,45.69,5149,1970
8/3/2021,15:00,54.09,5150,1970
8/3/2021,16:00,63.5,5151,1970
8/3/2021,17:00,62.16,5152,1970
8/3/2021,18:00,49.61,5153,1970
8/3/2021,19:00,43.21,5154,1970
8/3/2021,20:00,49.49,5155,1970
8/3/2021,21:00,43.67,5156,1970
8/3/2021,22:00,35.99,5157,1970
8/3/2021,23:00,33.98,5158,1970
8/3/2021,24:00:00,29.12,5159,1970
8/4/2021,1:00,27.36,5160,1970
8/4/2021,2:00,26.57,5161,1970
8/4/2021,3:00,25.05,5162,1970
8/4/2021,4:00,24.65,5163,1970
8/4/2021,5:00,25.37,5164,1970
8/4/2021,6:00,25.92,5165,1970
8/4/2021,7:00,29.99,5166,1970
8/4/2021,8:00,28.22,5167,1970
8/4/2021,9:00,28.71,5168,1970
8/4/2021,10:00,29.51,5169,1970
8/4/2021,11:00,33.77,5170,1970
8/4/2021,12:00,39.28,5171,1970
8/4/2021,13:00,44.9,5172,1970
8/4/2021,14:00,49.21,5173,1970
8/4/2021,15:00,67.47,5174,1970
8/4/2021,16:00,81.07,5175,1970
8/4/2021,17:00,80.7,5176,1970
8/4/2021,18:00,55.96,5177,1970
8/4/2021,19:00,48.27,5178,1970
8/4/2021,20:00,48.82,5179,1970
8/4/2021,21:00,43.59,5180,1970
8/4/2021,22:00,38.76,5181,1970
8/4/2021,23:00,36.11,5182,1970
8/4/2021,24:00:00,30.45,5183,1970
8/5/2021,1:00,29.42,5184,1970
8/5/2021,2:00,27.88,5185,1970
8/5/2021,3:00,26.48,5186,1970
8/5/2021,4:00,25.37,5187,1970
8/5/2021,5:00,25.52,5188,1970
8/5/2021,6:00,26.36,5189,1970
8/5/2021,7:00,28.98,5190,1970
8/5/2021,8:00,26.89,5191,1970
8/5/2021,9:00,28.27,5192,1970
8/5/2021,10:00,29.51,5193,1970
8/5/2021,11:00,32.9,5194,1970
8/5/2021,12:00,38.09,5195,1970
8/5/2021,13:00,43.8,5196,1970
8/5/2021,14:00,54.43,5197,1970
8/5/2021,15:00,82.71,5198,1970
8/5/2021,16:00,111.77,5199,1970
8/5/2021,17:00,96.96,5200,1970
8/5/2021,18:00,66.72,5201,1970
8/5/2021,19:00,49.94,5202,1970
8/5/2021,20:00,50.09,5203,1970
8/5/2021,21:00,46.75,5204,1970
8/5/2021,22:00,38.76,5205,1970
8/5/2021,23:00,32.56,5206,1970
8/5/2021,24:00:00,29.2,5207,1970
8/6/2021,1:00,26.33,5208,1970
8/6/2021,2:00,23.65,5209,1970
8/6/2021,3:00,22.57,5210,1970
8/6/2021,4:00,21.55,5211,1970
8/6/2021,5:00,21.96,5212,1970
8/6/2021,6:00,23.22,5213,1970
8/6/2021,7:00,26.32,5214,1970
8/6/2021,8:00,27.53,5215,1970
8/6/2021,9:00,26.9,5216,1970
8/6/2021,10:00,27.33,5217,1970
8/6/2021,11:00,30.34,5218,1970
8/6/2021,12:00,37.52,5219,1970
8/6/2021,13:00,42.7,5220,1970
8/6/2021,14:00,49.18,5221,1970
8/6/2021,15:00,65.8,5222,1970
8/6/2021,16:00,80.0,5223,1970
8/6/2021,17:00,74.68,5224,1970
8/6/2021,18:00,55.59,5225,1970
8/6/2021,19:00,43.58,5226,1970
8/6/2021,20:00,43.94,5227,1970
8/6/2021,21:00,39.67,5228,1970
8/6/2021,22:00,32.84,5229,1970
8/6/2021,23:00,31.25,5230,1970
8/6/2021,24:00:00,28.3,5231,1970
8/7/2021,1:00,23.58,5232,1970
8/7/2021,2:00,21.37,5233,1970
8/7/2021,3:00,20.41,5234,1970
8/7/2021,4:00,18.44,5235,1970
8/7/2021,5:00,18.14,5236,1970
8/7/2021,6:00,18.88,5237,1970
8/7/2021,7:00,24.43,5238,1970
8/7/2021,8:00,24.32,5239,1970
8/7/2021,9:00,25.82,5240,1970
8/7/2021,10:00,24.08,5241,1970
8/7/2021,11:00,25.83,5242,1970
8/7/2021,12:00,32.29,5243,1970
8/7/2021,13:00,31.56,5244,1970
8/7/2021,14:00,40.53,5245,1970
8/7/2021,15:00,52.99,5246,1970
8/7/2021,16:00,61.03,5247,1970
8/7/2021,17:00,59.2,5248,1970
8/7/2021,18:00,44.16,5249,1970
8/7/2021,19:00,40.33,5250,1970
8/7/2021,20:00,41.39,5251,1970
8/7/2021,21:00,37.01,5252,1970
8/7/2021,22:00,32.79,5253,1970
8/7/2021,23:00,26.63,5254,1970
8/7/2021,24:00:00,24.11,5255,1970
8/8/2021,1:00,21.61,5256,1970
8/8/2021,2:00,18.76,5257,1970
8/8/2021,3:00,16.79,5258,1970
8/8/2021,4:00,13.9,5259,1970
8/8/2021,5:00,14.07,5260,1970
8/8/2021,6:00,14.3,5261,1970
8/8/2021,7:00,21.11,5262,1970
8/8/2021,8:00,21.89,5263,1970
8/8/2021,9:00,22.68,5264,1970
8/8/2021,10:00,24.11,5265,1970
8/8/2021,11:00,26.41,5266,1970
8/8/2021,12:00,27.21,5267,1970
8/8/2021,13:00,29.33,5268,1970
8/8/2021,14:00,39.55,5269,1970
8/8/2021,15:00,44.41,5270,1970
8/8/2021,16:00,49.89,5271,1970
8/8/2021,17:00,56.49,5272,1970
8/8/2021,18:00,49.5,5273,1970
8/8/2021,19:00,41.58,5274,1970
8/8/2021,20:00,41.88,5275,1970
8/8/2021,21:00,36.42,5276,1970
8/8/2021,22:00,32.02,5277,1970
8/8/2021,23:00,27.05,5278,1970
8/8/2021,24:00:00,25.14,5279,1970
