Unnamed: 0.1.1.1.1.1,Voll,Demand_Segment,Cost_of_Demand_Curtailment_per_MW,Max_Demand_Curtailment,Rep_Periods,Timesteps_per_Rep_Period,Sub_Weights,Time_Index,Load_MW_z1,Year
7799,9000.0,1.0,1.0,1e+16,1.0,960.0,1.0,7800,35732.06532,1970
7800,,,,,,,,7801,34186.37188,1970
7801,,,,,,,,7802,33248.7124,1970
7802,,,,,,,,7803,32887.92321,1970
7803,,,,,,,,7804,33044.83325,1970
7804,,,,,,,,7805,33887.001,1970
7805,,,,,,,,7806,35635.65204,1970
7806,,,,,,,,7807,38275.72968,1970
7807,,,,,,,,7808,40146.46663,1970
7808,,,,,,,,7809,40818.26322,1970
7809,,,,,,,,7810,40767.86091,1970
7810,,,,,,,,7811,40633.42576,1970
7811,,,,,,,,7812,40458.93132,1970
7812,,,,,,,,7813,40273.15993,1970
7813,,,,,,,,7814,40423.49383,1970
7814,,,,,,,,7815,40542.90458,1970
7815,,,,,,,,7816,40637.01324,1970
7816,,,,,,,,7817,40514.74612,1970
7817,,,,,,,,7818,41305.93263,1970
7818,,,,,,,,7819,42180.54251,1970
7819,,,,,,,,7820,41581.63276,1970
7820,,,,,,,,7821,40952.51172,1970
7821,,,,,,,,7822,39787.82672,1970
7822,,,,,,,,7823,38160.07383,1970
7823,,,,,,,,7824,36551.68404,1970
7824,,,,,,,,7825,35451.37345,1970
7825,,,,,,,,7826,34880.23915,1970
7826,,,,,,,,7827,34715.55182,1970
7827,,,,,,,,7828,35003.37593,1970
7828,,,,,,,,7829,35972.1759,1970
7829,,,,,,,,7830,38038.60062,1970
7830,,,,,,,,7831,40824.95693,1970
7831,,,,,,,,7832,42731.44121,1970
7832,,,,,,,,7833,43076.87704,1970
7833,,,,,,,,7834,42400.17149,1970
7834,,,,,,,,7835,41697.5642,1970
7835,,,,,,,,7836,41054.3251,1970
7836,,,,,,,,7837,40667.95766,1970
7837,,,,,,,,7838,40757.34522,1970
7838,,,,,,,,7839,40846.34388,1970
7839,,,,,,,,7840,40862.102,1970
7840,,,,,,,,7841,40796.2327,1970
7841,,,,,,,,7842,41673.71835,1970
7842,,,,,,,,7843,42464.98922,1970
7843,,,,,,,,7844,41899.91401,1970
7844,,,,,,,,7845,41184.16213,1970
7845,,,,,,,,7846,40124.00352,1970
7846,,,,,,,,7847,38344.72317,1970
7847,,,,,,,,7848,36476.08464,1970
7848,,,,,,,,7849,34993.15303,1970
7849,,,,,,,,7850,34001.33879,1970
7850,,,,,,,,7851,33448.81854,1970
7851,,,,,,,,7852,33383.15375,1970
7852,,,,,,,,7853,33918.02198,1970
7853,,,,,,,,7854,35431.79511,1970
7854,,,,,,,,7855,37411.9993,1970
7855,,,,,,,,7856,38751.98414,1970
7856,,,,,,,,7857,39812.92803,1970
7857,,,,,,,,7858,40842.08766,1970
7858,,,,,,,,7859,41510.17322,1970
7859,,,,,,,,7860,41900.21296,1970
7860,,,,,,,,7861,42127.92189,1970
7861,,,,,,,,7862,42176.53375,1970
7862,,,,,,,,7863,42235.51289,1970
7863,,,,,,,,7864,42308.86766,1970
7864,,,,,,,,7865,42361.01863,1970
7865,,,,,,,,7866,43277.84673,1970
7866,,,,,,,,7867,43749.93461,1970
7867,,,,,,,,7868,43020.02764,1970
7868,,,,,,,,7869,42323.03521,1970
7869,,,,,,,,7870,41438.76503,1970
7870,,,,,,,,7871,39870.34372,1970
7871,,,,,,,,7872,38034.16227,1970
7872,,,,,,,,7873,36305.5854,1970
7873,,,,,,,,7874,35052.16829,1970
7874,,,,,,,,7875,34079.89732,1970
7875,,,,,,,,7876,33463.40652,1970
7876,,,,,,,,7877,33394.5326,1970
7877,,,,,,,,7878,33819.78811,1970
7878,,,,,,,,7879,34912.42409,1970
7879,,,,,,,,7880,36274.86438,1970
7880,,,,,,,,7881,38717.52374,1970
7881,,,,,,,,7882,40950.00191,1970
7882,,,,,,,,7883,42365.3106,1970
7883,,,,,,,,7884,42485.47958,1970
7884,,,,,,,,7885,41585.03096,1970
7885,,,,,,,,7886,40129.64347,1970
7886,,,,,,,,7887,38671.80851,1970
7887,,,,,,,,7888,37604.10899,1970
7888,,,,,,,,7889,36869.30413,1970
7889,,,,,,,,7890,37503.46547,1970
7890,,,,,,,,7891,37842.95312,1970
7891,,,,,,,,7892,37535.42719,1970
7892,,,,,,,,7893,37619.0161,1970
7893,,,,,,,,7894,37425.5852,1970
7894,,,,,,,,7895,36825.23731,1970
7895,,,,,,,,7896,36062.17209,1970
7896,,,,,,,,7897,35282.94599,1970
7897,,,,,,,,7898,34832.48821,1970
7898,,,,,,,,7899,34666.75033,1970
7899,,,,,,,,7900,34948.01812,1970
7900,,,,,,,,7901,35701.85392,1970
7901,,,,,,,,7902,37147.18846,1970
7902,,,,,,,,7903,39015.76741,1970
7903,,,,,,,,7904,40398.06345,1970
7904,,,,,,,,7905,41211.0916,1970
7905,,,,,,,,7906,41444.15868,1970
7906,,,,,,,,7907,40752.8712,1970
7907,,,,,,,,7908,39898.99496,1970
7908,,,,,,,,7909,39021.6247,1970
7909,,,,,,,,7910,38429.28939,1970
7910,,,,,,,,7911,38160.35649,1970
7911,,,,,,,,7912,38193.80682,1970
7912,,,,,,,,7913,38707.16452,1970
7913,,,,,,,,7914,40520.50218,1970
7914,,,,,,,,7915,41661.3879,1970
7915,,,,,,,,7916,41676.3448,1970
7916,,,,,,,,7917,41603.66869,1970
7917,,,,,,,,7918,41040.90894,1970
7918,,,,,,,,7919,39752.23287,1970
7919,,,,,,,,7920,38357.06999,1970
7920,,,,,,,,7921,37033.44105,1970
7921,,,,,,,,7922,36141.89821,1970
7922,,,,,,,,7923,35550.39419,1970
7923,,,,,,,,7924,35284.43131,1970
7924,,,,,,,,7925,35431.68269,1970
7925,,,,,,,,7926,35985.86428,1970
7926,,,,,,,,7927,37012.50894,1970
7927,,,,,,,,7928,38215.46672,1970
7928,,,,,,,,7929,39501.42906,1970
7929,,,,,,,,7930,40740.20709,1970
7930,,,,,,,,7931,41390.38414,1970
7931,,,,,,,,7932,41398.28157,1970
7932,,,,,,,,7933,40987.58836,1970
7933,,,,,,,,7934,40483.91167,1970
7934,,,,,,,,7935,40021.53018,1970
7935,,,,,,,,7936,39967.4825,1970
7936,,,,,,,,7937,40403.77641,1970
7937,,,,,,,,7938,41671.1645,1970
7938,,,,,,,,7939,42036.26067,1970
7939,,,,,,,,7940,41577.10593,1970
7940,,,,,,,,7941,40926.1991,1970
7941,,,,,,,,7942,39893.78946,1970
7942,,,,,,,,7943,38525.26931,1970
7943,,,,,,,,7944,36959.80393,1970
7944,,,,,,,,7945,35676.90806,1970
7945,,,,,,,,7946,34740.473,1970
7946,,,,,,,,7947,34121.31445,1970
7947,,,,,,,,7948,33917.85127,1970
7948,,,,,,,,7949,34016.0222,1970
7949,,,,,,,,7950,34611.25769,1970
7950,,,,,,,,7951,35632.70416,1970
7951,,,,,,,,7952,36647.40996,1970
7952,,,,,,,,7953,37522.94241,1970
7953,,,,,,,,7954,37892.14103,1970
7954,,,,,,,,7955,37879.32302,1970
7955,,,,,,,,7956,37730.93417,1970
7956,,,,,,,,7957,37557.76159,1970
7957,,,,,,,,7958,37363.33839,1970
7958,,,,,,,,7959,37243.05553,1970
7959,,,,,,,,7960,37465.32283,1970
7960,,,,,,,,7961,37941.00458,1970
7961,,,,,,,,7962,39530.55085,1970
7962,,,,,,,,7963,41238.32709,1970
7963,,,,,,,,7964,41245.95215,1970
7964,,,,,,,,7965,40954.392,1970
7965,,,,,,,,7966,40095.41595,1970
7966,,,,,,,,7967,38547.13928,1970
7967,,,,,,,,7968,36951.47983,1970
7968,,,,,,,,7969,35854.89624,1970
7969,,,,,,,,7970,35353.65448,1970
7970,,,,,,,,7971,35397.93685,1970
7971,,,,,,,,7972,35956.33134,1970
7972,,,,,,,,7973,37241.52039,1970
7973,,,,,,,,7974,39856.85177,1970
7974,,,,,,,,7975,43798.28625,1970
7975,,,,,,,,7976,45422.14832,1970
7976,,,,,,,,7977,44579.7099,1970
7977,,,,,,,,7978,43009.34051,1970
7978,,,,,,,,7979,41730.35691,1970
7979,,,,,,,,7980,40780.3371,1970
7980,,,,,,,,7981,40193.04256,1970
7981,,,,,,,,7982,40079.79716,1970
7982,,,,,,,,7983,39996.18955,1970
7983,,,,,,,,7984,40050.53448,1970
7984,,,,,,,,7985,40188.13771,1970
7985,,,,,,,,7986,41133.06513,1970
7986,,,,,,,,7987,42577.22768,1970
7987,,,,,,,,7988,42282.90966,1970
7988,,,,,,,,7989,41819.16679,1970
7989,,,,,,,,7990,40585.457,1970
7990,,,,,,,,7991,38654.25354,1970
7991,,,,,,,,7992,36705.07776,1970
7992,,,,,,,,7993,35385.30539,1970
7993,,,,,,,,7994,34746.91758,1970
7994,,,,,,,,7995,34532.69922,1970
7995,,,,,,,,7996,34681.69158,1970
7996,,,,,,,,7997,35538.89631,1970
7997,,,,,,,,7998,37762.95636,1970
7998,,,,,,,,7999,41355.94608,1970
7999,,,,,,,,8000,42646.49046,1970
8000,,,,,,,,8001,42165.58945,1970
8001,,,,,,,,8002,41343.27933,1970
8002,,,,,,,,8003,40620.00133,1970
8003,,,,,,,,8004,40255.26399,1970
8004,,,,,,,,8005,40280.78165,1970
8005,,,,,,,,8006,40587.13464,1970
8006,,,,,,,,8007,40837.66838,1970
8007,,,,,,,,8008,40802.21058,1970
8008,,,,,,,,8009,40967.91006,1970
8009,,,,,,,,8010,41805.34588,1970
8010,,,,,,,,8011,42909.93376,1970
8011,,,,,,,,8012,42451.83237,1970
8012,,,,,,,,8013,41674.60484,1970
8013,,,,,,,,8014,40231.19129,1970
8014,,,,,,,,8015,38075.99964,1970
8015,,,,,,,,8016,35787.87908,1970
8016,,,,,,,,8017,34176.75913,1970
8017,,,,,,,,8018,33259.80906,1970
8018,,,,,,,,8019,32904.05994,1970
8019,,,,,,,,8020,32925.14167,1970
8020,,,,,,,,8021,33628.73038,1970
8021,,,,,,,,8022,35582.57837,1970
8022,,,,,,,,8023,38760.94588,1970
8023,,,,,,,,8024,39944.55967,1970
8024,,,,,,,,8025,39787.24494,1970
8025,,,,,,,,8026,39882.64059,1970
8026,,,,,,,,8027,40059.55716,1970
8027,,,,,,,,8028,40300.18723,1970
8028,,,,,,,,8029,40841.25155,1970
8029,,,,,,,,8030,41591.48044,1970
8030,,,,,,,,8031,42115.04389,1970
8031,,,,,,,,8032,42403.98139,1970
8032,,,,,,,,8033,42549.6923,1970
8033,,,,,,,,8034,43186.85218,1970
8034,,,,,,,,8035,43851.83179,1970
8035,,,,,,,,8036,42957.10203,1970
8036,,,,,,,,8037,41979.17474,1970
8037,,,,,,,,8038,40339.12272,1970
8038,,,,,,,,8039,38017.76062,1970
8039,,,,,,,,8040,35684.02863,1970
8040,,,,,,,,8041,33967.05447,1970
8041,,,,,,,,8042,33084.64181,1970
8042,,,,,,,,8043,32663.16457,1970
8043,,,,,,,,8044,32689.73725,1970
8044,,,,,,,,8045,33434.21483,1970
8045,,,,,,,,8046,35464.86728,1970
8046,,,,,,,,8047,38910.97793,1970
8047,,,,,,,,8048,40414.4144,1970
8048,,,,,,,,8049,40465.05659,1970
8049,,,,,,,,8050,40469.50153,1970
8050,,,,,,,,8051,40631.22301,1970
8051,,,,,,,,8052,40968.89808,1970
8052,,,,,,,,8053,41653.4351,1970
8053,,,,,,,,8054,42418.63353,1970
8054,,,,,,,,8055,42908.34523,1970
8055,,,,,,,,8056,42973.66232,1970
8056,,,,,,,,8057,43010.22666,1970
8057,,,,,,,,8058,43873.0279,1970
8058,,,,,,,,8059,44534.43933,1970
8059,,,,,,,,8060,43883.99062,1970
8060,,,,,,,,8061,42962.7345,1970
8061,,,,,,,,8062,41623.90762,1970
8062,,,,,,,,8063,39548.56853,1970
8063,,,,,,,,8064,37123.62984,1970
8064,,,,,,,,8065,35164.19297,1970
8065,,,,,,,,8066,33910.5616,1970
8066,,,,,,,,8067,33276.80902,1970
8067,,,,,,,,8068,33067.34229,1970
8068,,,,,,,,8069,33437.41264,1970
8069,,,,,,,,8070,34983.07944,1970
8070,,,,,,,,8071,37938.86013,1970
8071,,,,,,,,8072,39387.34389,1970
8072,,,,,,,,8073,40017.9105,1970
8073,,,,,,,,8074,40812.00713,1970
8074,,,,,,,,8075,41596.72413,1970
8075,,,,,,,,8076,42420.57319,1970
8076,,,,,,,,8077,43158.97683,1970
8077,,,,,,,,8078,43963.54693,1970
8078,,,,,,,,8079,44411.05822,1970
8079,,,,,,,,8080,44543.28765,1970
8080,,,,,,,,8081,44548.87003,1970
8081,,,,,,,,8082,44709.6002,1970
8082,,,,,,,,8083,44850.92362,1970
8083,,,,,,,,8084,43755.59961,1970
8084,,,,,,,,8085,42789.05721,1970
8085,,,,,,,,8086,41616.02539,1970
8086,,,,,,,,8087,39785.71846,1970
8087,,,,,,,,8088,37812.81521,1970
8088,,,,,,,,8089,35943.71027,1970
8089,,,,,,,,8090,34530.55259,1970
8090,,,,,,,,8091,33584.74049,1970
8091,,,,,,,,8092,33161.74077,1970
8092,,,,,,,,8093,33143.2323,1970
8093,,,,,,,,8094,33564.60451,1970
8094,,,,,,,,8095,34634.59114,1970
8095,,,,,,,,8096,35771.04568,1970
8096,,,,,,,,8097,37436.46075,1970
8097,,,,,,,,8098,39183.50007,1970
8098,,,,,,,,8099,40485.16962,1970
8099,,,,,,,,8100,41541.50106,1970
8100,,,,,,,,8101,42242.24465,1970
8101,,,,,,,,8102,42930.56991,1970
8102,,,,,,,,8103,43515.44178,1970
8103,,,,,,,,8104,43586.05987,1970
8104,,,,,,,,8105,43264.58946,1970
8105,,,,,,,,8106,43751.34279,1970
8106,,,,,,,,8107,43793.37419,1970
8107,,,,,,,,8108,42880.5513,1970
8108,,,,,,,,8109,41933.6467,1970
8109,,,,,,,,8110,40823.68957,1970
8110,,,,,,,,8111,39158.62919,1970
8111,,,,,,,,8112,37221.26533,1970
8112,,,,,,,,8113,35605.24217,1970
8113,,,,,,,,8114,34282.99463,1970
8114,,,,,,,,8115,33472.19877,1970
8115,,,,,,,,8116,33114.08956,1970
8116,,,,,,,,8117,32955.15256,1970
8117,,,,,,,,8118,33234.46973,1970
8118,,,,,,,,8119,33928.5613,1970
8119,,,,,,,,8120,34810.84591,1970
8120,,,,,,,,8121,36538.67088,1970
8121,,,,,,,,8122,38576.41031,1970
8122,,,,,,,,8123,40187.36799,1970
8123,,,,,,,,8124,41342.09883,1970
8124,,,,,,,,8125,42201.66292,1970
8125,,,,,,,,8126,42806.81617,1970
8126,,,,,,,,8127,43108.46192,1970
8127,,,,,,,,8128,43200.09185,1970
8128,,,,,,,,8129,43260.54337,1970
8129,,,,,,,,8130,44762.27718,1970
8130,,,,,,,,8131,46044.77273,1970
8131,,,,,,,,8132,45661.44618,1970
8132,,,,,,,,8133,44970.50483,1970
8133,,,,,,,,8134,43813.97102,1970
8134,,,,,,,,8135,41702.2622,1970
8135,,,,,,,,8136,39232.64269,1970
8136,,,,,,,,8137,37224.7005,1970
8137,,,,,,,,8138,35992.78189,1970
8138,,,,,,,,8139,35239.57376,1970
8139,,,,,,,,8140,34958.06179,1970
8140,,,,,,,,8141,35376.29374,1970
8141,,,,,,,,8142,37066.63709,1970
8142,,,,,,,,8143,40157.95786,1970
8143,,,,,,,,8144,41782.23843,1970
8144,,,,,,,,8145,42286.98842,1970
8145,,,,,,,,8146,43086.57102,1970
8146,,,,,,,,8147,43417.83178,1970
8147,,,,,,,,8148,43680.06502,1970
8148,,,,,,,,8149,42914.30841,1970
8149,,,,,,,,8150,42240.97697,1970
8150,,,,,,,,8151,41646.93705,1970
8151,,,,,,,,8152,41346.43798,1970
8152,,,,,,,,8153,41433.85756,1970
8153,,,,,,,,8154,43486.554,1970
8154,,,,,,,,8155,45141.8175,1970
8155,,,,,,,,8156,44877.89688,1970
8156,,,,,,,,8157,44331.50953,1970
8157,,,,,,,,8158,43059.02608,1970
8158,,,,,,,,8159,40914.02659,1970
8159,,,,,,,,8160,38680.74513,1970
8160,,,,,,,,8161,37164.71389,1970
8161,,,,,,,,8162,36398.02686,1970
8162,,,,,,,,8163,36230.55119,1970
8163,,,,,,,,8164,36540.5921,1970
8164,,,,,,,,8165,37585.01526,1970
8165,,,,,,,,8166,40008.89393,1970
8166,,,,,,,,8167,43798.09283,1970
8167,,,,,,,,8168,45451.85029,1970
8168,,,,,,,,8169,44894.27481,1970
8169,,,,,,,,8170,44005.11946,1970
8170,,,,,,,,8171,42870.35624,1970
8171,,,,,,,,8172,41699.49708,1970
8172,,,,,,,,8173,40797.67048,1970
8173,,,,,,,,8174,40281.4527,1970
8174,,,,,,,,8175,39963.0241,1970
8175,,,,,,,,8176,39862.18601,1970
8176,,,,,,,,8177,40489.62486,1970
8177,,,,,,,,8178,42154.98489,1970
8178,,,,,,,,8179,43595.71493,1970
8179,,,,,,,,8180,43400.41547,1970
8180,,,,,,,,8181,42869.0505,1970
8181,,,,,,,,8182,41648.9267,1970
8182,,,,,,,,8183,39556.1144,1970
8183,,,,,,,,8184,37388.49421,1970
8184,,,,,,,,8185,35931.02427,1970
8185,,,,,,,,8186,35274.41068,1970
8186,,,,,,,,8187,35005.71415,1970
8187,,,,,,,,8188,35160.38049,1970
8188,,,,,,,,8189,36052.73623,1970
8189,,,,,,,,8190,38221.89166,1970
8190,,,,,,,,8191,41558.58764,1970
8191,,,,,,,,8192,42962.06783,1970
8192,,,,,,,,8193,42680.26288,1970
8193,,,,,,,,8194,42317.67957,1970
8194,,,,,,,,8195,42044.49838,1970
8195,,,,,,,,8196,41795.01563,1970
8196,,,,,,,,8197,41629.32594,1970
8197,,,,,,,,8198,41684.12619,1970
8198,,,,,,,,8199,41558.63475,1970
8199,,,,,,,,8200,41497.50339,1970
8200,,,,,,,,8201,41883.00321,1970
8201,,,,,,,,8202,43371.05016,1970
8202,,,,,,,,8203,44593.42409,1970
8203,,,,,,,,8204,44359.77361,1970
8204,,,,,,,,8205,43846.62052,1970
8205,,,,,,,,8206,42441.6331,1970
8206,,,,,,,,8207,40063.48837,1970
8207,,,,,,,,8208,37579.85517,1970
8208,,,,,,,,8209,35757.66622,1970
8209,,,,,,,,8210,34589.45448,1970
8210,,,,,,,,8211,33922.0612,1970
8211,,,,,,,,8212,33789.43029,1970
8212,,,,,,,,8213,34425.7655,1970
8213,,,,,,,,8214,36251.41656,1970
8214,,,,,,,,8215,39231.31904,1970
8215,,,,,,,,8216,40592.85954,1970
8216,,,,,,,,8217,40963.52069,1970
8217,,,,,,,,8218,41747.21996,1970
8218,,,,,,,,8219,42675.19947,1970
8219,,,,,,,,8220,43510.64314,1970
8220,,,,,,,,8221,44320.14242,1970
8221,,,,,,,,8222,45309.34825,1970
8222,,,,,,,,8223,46017.74606,1970
8223,,,,,,,,8224,46282.04293,1970
8224,,,,,,,,8225,46306.0962,1970
8225,,,,,,,,8226,46523.05587,1970
8226,,,,,,,,8227,47336.4758,1970
8227,,,,,,,,8228,46668.16346,1970
8228,,,,,,,,8229,45926.48148,1970
8229,,,,,,,,8230,44665.43076,1970
8230,,,,,,,,8231,42493.12998,1970
8231,,,,,,,,8232,39928.44999,1970
8232,,,,,,,,8233,37903.90367,1970
8233,,,,,,,,8234,36646.31686,1970
8234,,,,,,,,8235,35937.60871,1970
8235,,,,,,,,8236,35574.08601,1970
8236,,,,,,,,8237,36122.56318,1970
8237,,,,,,,,8238,37821.02027,1970
8238,,,,,,,,8239,40745.18235,1970
8239,,,,,,,,8240,42340.65074,1970
8240,,,,,,,,8241,43173.17873,1970
8241,,,,,,,,8242,44491.57582,1970
8242,,,,,,,,8243,45795.85905,1970
8243,,,,,,,,8244,46737.28954,1970
8244,,,,,,,,8245,47490.53433,1970
8245,,,,,,,,8246,48323.76946,1970
8246,,,,,,,,8247,48942.76505,1970
8247,,,,,,,,8248,49179.38017,1970
8248,,,,,,,,8249,48896.79715,1970
8249,,,,,,,,8250,49073.44878,1970
8250,,,,,,,,8251,48957.75779,1970
8251,,,,,,,,8252,47661.57355,1970
8252,,,,,,,,8253,46459.48908,1970
8253,,,,,,,,8254,45071.31608,1970
8254,,,,,,,,8255,43159.11988,1970
8255,,,,,,,,8256,40762.55491,1970
8256,,,,,,,,8257,38337.72919,1970
8257,,,,,,,,8258,36545.60493,1970
8258,,,,,,,,8259,35431.81528,1970
8259,,,,,,,,8260,34838.97641,1970
8260,,,,,,,,8261,34738.77743,1970
8261,,,,,,,,8262,34973.69365,1970
8262,,,,,,,,8263,35946.37169,1970
8263,,,,,,,,8264,37119.72739,1970
8264,,,,,,,,8265,38727.95674,1970
8265,,,,,,,,8266,40113.05855,1970
8266,,,,,,,,8267,40626.26438,1970
8267,,,,,,,,8268,40282.13214,1970
8268,,,,,,,,8269,39734.10735,1970
8269,,,,,,,,8270,39218.70589,1970
8270,,,,,,,,8271,38870.88909,1970
8271,,,,,,,,8272,38753.21608,1970
8272,,,,,,,,8273,39179.68035,1970
8273,,,,,,,,8274,41180.89196,1970
8274,,,,,,,,8275,42867.7668,1970
8275,,,,,,,,8276,42996.27422,1970
8276,,,,,,,,8277,43126.17396,1970
8277,,,,,,,,8278,42981.12168,1970
8278,,,,,,,,8279,42318.57873,1970
8279,,,,,,,,8280,41399.91025,1970
8280,,,,,,,,8281,40518.9373,1970
8281,,,,,,,,8282,40098.14511,1970
8282,,,,,,,,8283,39956.24984,1970
8283,,,,,,,,8284,40095.54561,1970
8284,,,,,,,,8285,40696.84906,1970
8285,,,,,,,,8286,41770.0377,1970
8286,,,,,,,,8287,43378.43021,1970
8287,,,,,,,,8288,44930.85605,1970
8288,,,,,,,,8289,45375.9713,1970
8289,,,,,,,,8290,44510.93642,1970
8290,,,,,,,,8291,43061.18107,1970
8291,,,,,,,,8292,41611.70597,1970
8292,,,,,,,,8293,40364.30857,1970
8293,,,,,,,,8294,39325.72079,1970
8294,,,,,,,,8295,38680.02458,1970
8295,,,,,,,,8296,38473.42861,1970
8296,,,,,,,,8297,38950.73086,1970
8297,,,,,,,,8298,40982.19693,1970
8298,,,,,,,,8299,43417.14989,1970
8299,,,,,,,,8300,43910.6165,1970
8300,,,,,,,,8301,43838.73575,1970
8301,,,,,,,,8302,43045.47686,1970
8302,,,,,,,,8303,41324.37322,1970
8303,,,,,,,,8304,39309.16828,1970
8304,,,,,,,,8305,37747.9317,1970
8305,,,,,,,,8306,37010.22169,1970
8306,,,,,,,,8307,36840.1314,1970
8307,,,,,,,,8308,37094.62486,1970
8308,,,,,,,,8309,38145.49537,1970
8309,,,,,,,,8310,40388.05474,1970
8310,,,,,,,,8311,43826.79625,1970
8311,,,,,,,,8312,45335.65968,1970
8312,,,,,,,,8313,44992.70282,1970
8313,,,,,,,,8314,44134.28161,1970
8314,,,,,,,,8315,43128.77823,1970
8315,,,,,,,,8316,42310.58305,1970
8316,,,,,,,,8317,41810.97622,1970
8317,,,,,,,,8318,41605.89388,1970
8318,,,,,,,,8319,41365.5945,1970
8319,,,,,,,,8320,41162.02082,1970
8320,,,,,,,,8321,41714.67918,1970
8321,,,,,,,,8322,43417.56777,1970
8322,,,,,,,,8323,44654.41365,1970
8323,,,,,,,,8324,44236.47941,1970
8324,,,,,,,,8325,43555.36584,1970
8325,,,,,,,,8326,42097.43056,1970
8326,,,,,,,,8327,39841.22009,1970
8327,,,,,,,,8328,37334.33888,1970
8328,,,,,,,,8329,35429.3873,1970
8329,,,,,,,,8330,34329.50998,1970
8330,,,,,,,,8331,33738.42904,1970
8331,,,,,,,,8332,33712.37759,1970
8332,,,,,,,,8333,34316.75624,1970
8333,,,,,,,,8334,36297.22248,1970
8334,,,,,,,,8335,39320.76641,1970
8335,,,,,,,,8336,40753.9595,1970
8336,,,,,,,,8337,41086.39532,1970
8337,,,,,,,,8338,41671.02166,1970
8338,,,,,,,,8339,42153.73474,1970
8339,,,,,,,,8340,42916.87243,1970
8340,,,,,,,,8341,43449.57227,1970
8341,,,,,,,,8342,44033.62666,1970
8342,,,,,,,,8343,44353.83728,1970
8343,,,,,,,,8344,44505.23011,1970
8344,,,,,,,,8345,44577.21344,1970
8345,,,,,,,,8346,45490.30937,1970
8346,,,,,,,,8347,46736.25562,1970
8347,,,,,,,,8348,46384.09109,1970
8348,,,,,,,,8349,45586.09734,1970
8349,,,,,,,,8350,44186.85111,1970
8350,,,,,,,,8351,41933.96691,1970
8351,,,,,,,,8352,39243.23877,1970
8352,,,,,,,,8353,37080.92318,1970
8353,,,,,,,,8354,35809.0923,1970
8354,,,,,,,,8355,35075.69989,1970
8355,,,,,,,,8356,34827.97084,1970
8356,,,,,,,,8357,35266.73841,1970
8357,,,,,,,,8358,36995.97072,1970
8358,,,,,,,,8359,39943.49454,1970
8359,,,,,,,,8360,41361.10505,1970
8360,,,,,,,,8361,42035.29502,1970
8361,,,,,,,,8362,43090.64548,1970
8362,,,,,,,,8363,44155.54464,1970
8363,,,,,,,,8364,45028.23072,1970
8364,,,,,,,,8365,45774.7291,1970
8365,,,,,,,,8366,46391.75527,1970
8366,,,,,,,,8367,47070.29714,1970
8367,,,,,,,,8368,47240.21579,1970
8368,,,,,,,,8369,47224.44662,1970
8369,,,,,,,,8370,47851.27614,1970
8370,,,,,,,,8371,48778.99133,1970
8371,,,,,,,,8372,48071.33823,1970
8372,,,,,,,,8373,47200.49677,1970
8373,,,,,,,,8374,45961.18788,1970
8374,,,,,,,,8375,43660.48917,1970
8375,,,,,,,,8376,40869.71332,1970
8376,,,,,,,,8377,38502.06538,1970
8377,,,,,,,,8378,36878.44244,1970
8378,,,,,,,,8379,35895.58884,1970
8379,,,,,,,,8380,35380.95412,1970
8380,,,,,,,,8381,35601.39689,1970
8381,,,,,,,,8382,37122.60294,1970
8382,,,,,,,,8383,39964.40835,1970
8383,,,,,,,,8384,41378.82018,1970
8384,,,,,,,,8385,41970.73542,1970
8385,,,,,,,,8386,43267.18111,1970
8386,,,,,,,,8387,44595.3629,1970
8387,,,,,,,,8388,45484.42682,1970
8388,,,,,,,,8389,45978.31258,1970
8389,,,,,,,,8390,46433.34083,1970
8390,,,,,,,,8391,46601.69662,1970
8391,,,,,,,,8392,46332.30741,1970
8392,,,,,,,,8393,46069.26681,1970
8393,,,,,,,,8394,46655.71414,1970
8394,,,,,,,,8395,47166.55274,1970
8395,,,,,,,,8396,46336.56231,1970
8396,,,,,,,,8397,45418.63497,1970
8397,,,,,,,,8398,44304.46496,1970
8398,,,,,,,,8399,42191.98514,1970
8399,,,,,,,,8400,39509.61267,1970
8400,,,,,,,,8401,37365.68111,1970
8401,,,,,,,,8402,36024.59455,1970
8402,,,,,,,,8403,35197.38271,1970
8403,,,,,,,,8404,34758.0818,1970
8404,,,,,,,,8405,35152.29205,1970
8405,,,,,,,,8406,36755.8509,1970
8406,,,,,,,,8407,39338.67305,1970
8407,,,,,,,,8408,40927.20086,1970
8408,,,,,,,,8409,41760.49675,1970
8409,,,,,,,,8410,43035.3895,1970
8410,,,,,,,,8411,44250.34104,1970
8411,,,,,,,,8412,45184.3899,1970
8412,,,,,,,,8413,45714.7527,1970
8413,,,,,,,,8414,46277.23104,1970
8414,,,,,,,,8415,46356.16118,1970
8415,,,,,,,,8416,46097.60987,1970
8416,,,,,,,,8417,45727.21615,1970
8417,,,,,,,,8418,46385.1085,1970
8418,,,,,,,,8419,46607.49633,1970
8419,,,,,,,,8420,45534.34826,1970
8420,,,,,,,,8421,44619.25406,1970
8421,,,,,,,,8422,43682.86716,1970
8422,,,,,,,,8423,42116.41087,1970
8423,,,,,,,,8424,40097.71904,1970
8424,,,,,,,,8425,38142.36471,1970
8425,,,,,,,,8426,36679.9676,1970
8426,,,,,,,,8427,35597.9211,1970
8427,,,,,,,,8428,34844.76459,1970
8428,,,,,,,,8429,34541.82355,1970
8429,,,,,,,,8430,34995.0977,1970
8430,,,,,,,,8431,36124.83731,1970
8431,,,,,,,,8432,37516.88457,1970
8432,,,,,,,,8433,39179.8148,1970
8433,,,,,,,,8434,41054.61822,1970
8434,,,,,,,,8435,42365.1485,1970
8435,,,,,,,,8436,42944.9288,1970
8436,,,,,,,,8437,42495.25791,1970
8437,,,,,,,,8438,42146.981,1970
8438,,,,,,,,8439,41527.53389,1970
8439,,,,,,,,8440,40873.31055,1970
8440,,,,,,,,8441,40909.15839,1970
8441,,,,,,,,8442,42114.08406,1970
8442,,,,,,,,8443,43199.1254,1970
8443,,,,,,,,8444,43008.13517,1970
8444,,,,,,,,8445,42733.01947,1970
8445,,,,,,,,8446,42255.26228,1970
8446,,,,,,,,8447,41319.06184,1970
8447,,,,,,,,8448,40104.37118,1970
8448,,,,,,,,8449,39086.65581,1970
8449,,,,,,,,8450,38465.29341,1970
8450,,,,,,,,8451,38182.71984,1970
8451,,,,,,,,8452,38305.85733,1970
8452,,,,,,,,8453,38680.28164,1970
8453,,,,,,,,8454,39491.72964,1970
8454,,,,,,,,8455,40953.67139,1970
8455,,,,,,,,8456,42666.18775,1970
8456,,,,,,,,8457,44262.16311,1970
8457,,,,,,,,8458,44796.14567,1970
8458,,,,,,,,8459,43999.93271,1970
8459,,,,,,,,8460,43024.95498,1970
8460,,,,,,,,8461,42045.65656,1970
8461,,,,,,,,8462,41156.63602,1970
8462,,,,,,,,8463,40617.31269,1970
8463,,,,,,,,8464,40669.62618,1970
8464,,,,,,,,8465,41430.89161,1970
8465,,,,,,,,8466,43805.35744,1970
8466,,,,,,,,8467,45407.95945,1970
8467,,,,,,,,8468,45434.64734,1970
8468,,,,,,,,8469,45108.83524,1970
8469,,,,,,,,8470,44269.09639,1970
8470,,,,,,,,8471,42705.29178,1970
8471,,,,,,,,8472,40813.93064,1970
8472,,,,,,,,8473,39376.54194,1970
8473,,,,,,,,8474,38503.92134,1970
8474,,,,,,,,8475,38114.67532,1970
8475,,,,,,,,8476,38220.33228,1970
8476,,,,,,,,8477,39079.82997,1970
8477,,,,,,,,8478,40849.78386,1970
8478,,,,,,,,8479,43427.55638,1970
8479,,,,,,,,8480,45556.43333,1970
8480,,,,,,,,8481,46412.91907,1970
8481,,,,,,,,8482,46468.09699,1970
8482,,,,,,,,8483,45772.89819,1970
8483,,,,,,,,8484,44444.13733,1970
8484,,,,,,,,8485,43030.78387,1970
8485,,,,,,,,8486,42042.99276,1970
8486,,,,,,,,8487,41246.18243,1970
8487,,,,,,,,8488,41063.69381,1970
8488,,,,,,,,8489,41318.2724,1970
8489,,,,,,,,8490,43284.83218,1970
8490,,,,,,,,8491,45303.08691,1970
8491,,,,,,,,8492,45293.849,1970
8492,,,,,,,,8493,45059.30842,1970
8493,,,,,,,,8494,44350.54843,1970
8494,,,,,,,,8495,42895.60605,1970
8495,,,,,,,,8496,41127.03474,1970
8496,,,,,,,,8497,39916.76335,1970
8497,,,,,,,,8498,39528.00136,1970
8498,,,,,,,,8499,39606.4849,1970
8499,,,,,,,,8500,40225.64672,1970
8500,,,,,,,,8501,41499.08697,1970
8501,,,,,,,,8502,43777.27014,1970
8502,,,,,,,,8503,46862.9273,1970
8503,,,,,,,,8504,48875.43242,1970
8504,,,,,,,,8505,48677.5327,1970
8505,,,,,,,,8506,46928.88284,1970
8506,,,,,,,,8507,44966.55168,1970
8507,,,,,,,,8508,43202.6089,1970
8508,,,,,,,,8509,41756.60177,1970
8509,,,,,,,,8510,40912.42723,1970
8510,,,,,,,,8511,40369.08628,1970
8511,,,,,,,,8512,40115.78798,1970
8512,,,,,,,,8513,40205.9674,1970
8513,,,,,,,,8514,41681.92834,1970
8514,,,,,,,,8515,43471.71282,1970
8515,,,,,,,,8516,43396.61924,1970
8516,,,,,,,,8517,43134.15415,1970
8517,,,,,,,,8518,42405.69282,1970
8518,,,,,,,,8519,40960.8923,1970
8519,,,,,,,,8520,39392.11215,1970
8520,,,,,,,,8521,38165.25213,1970
8521,,,,,,,,8522,37550.74625,1970
8522,,,,,,,,8523,37302.46389,1970
8523,,,,,,,,8524,37507.86193,1970
8524,,,,,,,,8525,38325.89596,1970
8525,,,,,,,,8526,40050.54968,1970
8526,,,,,,,,8527,42565.8087,1970
8527,,,,,,,,8528,44254.96405,1970
8528,,,,,,,,8529,44329.53888,1970
8529,,,,,,,,8530,43326.01944,1970
8530,,,,,,,,8531,42261.73398,1970
8531,,,,,,,,8532,41287.74401,1970
8532,,,,,,,,8533,40507.19808,1970
8533,,,,,,,,8534,40141.20076,1970
8534,,,,,,,,8535,39925.48502,1970
8535,,,,,,,,8536,39866.11438,1970
8536,,,,,,,,8537,40007.83288,1970
8537,,,,,,,,8538,41197.9585,1970
8538,,,,,,,,8539,42533.05727,1970
8539,,,,,,,,8540,42142.48701,1970
8540,,,,,,,,8541,41539.14491,1970
8541,,,,,,,,8542,40676.18777,1970
8542,,,,,,,,8543,39092.45179,1970
8543,,,,,,,,8544,37381.72696,1970
8544,,,,,,,,8545,35848.26169,1970
8545,,,,,,,,8546,34913.37365,1970
8546,,,,,,,,8547,34417.68898,1970
8547,,,,,,,,8548,34258.94842,1970
8548,,,,,,,,8549,34705.02827,1970
8549,,,,,,,,8550,35878.97675,1970
8550,,,,,,,,8551,37701.39095,1970
8551,,,,,,,,8552,39084.74601,1970
8552,,,,,,,,8553,39919.09114,1970
8553,,,,,,,,8554,40325.4742,1970
8554,,,,,,,,8555,40471.50151,1970
8555,,,,,,,,8556,40588.86069,1970
8556,,,,,,,,8557,40539.7759,1970
8557,,,,,,,,8558,40812.52876,1970
8558,,,,,,,,8559,41055.83737,1970
8559,,,,,,,,8560,41161.43004,1970
8560,,,,,,,,8561,41159.23305,1970
8561,,,,,,,,8562,41862.37595,1970
8562,,,,,,,,8563,42890.11631,1970
8563,,,,,,,,8564,42273.10774,1970
8564,,,,,,,,8565,41527.34292,1970
8565,,,,,,,,8566,40627.2535,1970
8566,,,,,,,,8567,39198.04765,1970
8567,,,,,,,,8568,37329.88738,1970
8568,,,,,,,,8569,35445.34321,1970
8569,,,,,,,,8570,34008.75728,1970
8570,,,,,,,,8571,33117.45937,1970
8571,,,,,,,,8572,32678.11339,1970
8572,,,,,,,,8573,32635.48329,1970
8573,,,,,,,,8574,33295.28604,1970
8574,,,,,,,,8575,34371.68279,1970
8575,,,,,,,,8576,35374.12832,1970
8576,,,,,,,,8577,36729.65135,1970
8577,,,,,,,,8578,38569.48002,1970
8578,,,,,,,,8579,39978.03444,1970
8579,,,,,,,,8580,41086.47798,1970
8580,,,,,,,,8581,41761.8592,1970
8581,,,,,,,,8582,42412.11878,1970
8582,,,,,,,,8583,43045.71444,1970
8583,,,,,,,,8584,43628.08606,1970
8584,,,,,,,,8585,43630.45483,1970
8585,,,,,,,,8586,43843.63858,1970
8586,,,,,,,,8587,43878.81513,1970
8587,,,,,,,,8588,42440.2059,1970
8588,,,,,,,,8589,41162.02626,1970
8589,,,,,,,,8590,40106.31004,1970
8590,,,,,,,,8591,38765.57589,1970
8591,,,,,,,,8592,37006.39703,1970
8592,,,,,,,,8593,35247.49517,1970
8593,,,,,,,,8594,33961.08049,1970
8594,,,,,,,,8595,32974.44269,1970
8595,,,,,,,,8596,32255.74142,1970
8596,,,,,,,,8597,31897.37499,1970
8597,,,,,,,,8598,31963.23982,1970
8598,,,,,,,,8599,32536.58929,1970
8599,,,,,,,,8600,33366.02236,1970
8600,,,,,,,,8601,34764.03972,1970
8601,,,,,,,,8602,36699.3046,1970
8602,,,,,,,,8603,38468.57169,1970
8603,,,,,,,,8604,39948.97394,1970
8604,,,,,,,,8605,40936.44571,1970
8605,,,,,,,,8606,41531.32272,1970
8606,,,,,,,,8607,41966.24739,1970
8607,,,,,,,,8608,42007.2722,1970
8608,,,,,,,,8609,41485.12837,1970
8609,,,,,,,,8610,41263.71093,1970
8610,,,,,,,,8611,41367.82497,1970
8611,,,,,,,,8612,40411.2805,1970
8612,,,,,,,,8613,39410.42672,1970
8613,,,,,,,,8614,38321.67335,1970
8614,,,,,,,,8615,37012.0687,1970
8615,,,,,,,,8616,35375.4436,1970
8616,,,,,,,,8617,33799.46899,1970
8617,,,,,,,,8618,32739.24753,1970
8618,,,,,,,,8619,32015.212,1970
8619,,,,,,,,8620,31608.22688,1970
8620,,,,,,,,8621,31534.80953,1970
8621,,,,,,,,8622,31824.44353,1970
8622,,,,,,,,8623,32531.41929,1970
8623,,,,,,,,8624,33375.83497,1970
8624,,,,,,,,8625,34732.69437,1970
8625,,,,,,,,8626,36677.90303,1970
8626,,,,,,,,8627,38298.45205,1970
8627,,,,,,,,8628,39685.95601,1970
8628,,,,,,,,8629,40729.44415,1970
8629,,,,,,,,8630,41491.08316,1970
8630,,,,,,,,8631,42243.1066,1970
8631,,,,,,,,8632,42702.76001,1970
8632,,,,,,,,8633,42594.91309,1970
8633,,,,,,,,8634,42875.85569,1970
8634,,,,,,,,8635,43873.33125,1970
8635,,,,,,,,8636,43157.88927,1970
8636,,,,,,,,8637,42168.0808,1970
8637,,,,,,,,8638,41261.23094,1970
8638,,,,,,,,8639,39609.82861,1970
8639,,,,,,,,8640,37697.54903,1970
8640,,,,,,,,8641,35740.78579,1970
8641,,,,,,,,8642,34256.84716,1970
8642,,,,,,,,8643,33458.70928,1970
8643,,,,,,,,8644,33024.70148,1970
8644,,,,,,,,8645,33124.34039,1970
8645,,,,,,,,8646,33895.29179,1970
8646,,,,,,,,8647,35364.14388,1970
8647,,,,,,,,8648,36494.32735,1970
8648,,,,,,,,8649,37663.39812,1970
8649,,,,,,,,8650,39419.61644,1970
8650,,,,,,,,8651,41247.13325,1970
8651,,,,,,,,8652,42629.26882,1970
8652,,,,,,,,8653,43703.49229,1970
8653,,,,,,,,8654,44567.8604,1970
8654,,,,,,,,8655,45004.5868,1970
8655,,,,,,,,8656,45055.3629,1970
8656,,,,,,,,8657,44754.5225,1970
8657,,,,,,,,8658,45138.14673,1970
8658,,,,,,,,8659,45697.48643,1970
8659,,,,,,,,8660,44620.46575,1970
8660,,,,,,,,8661,43506.17805,1970
8661,,,,,,,,8662,42118.80695,1970
8662,,,,,,,,8663,40218.42402,1970
8663,,,,,,,,8664,38046.87554,1970
8664,,,,,,,,8665,36129.6633,1970
8665,,,,,,,,8666,34918.44492,1970
8666,,,,,,,,8667,34192.91965,1970
8667,,,,,,,,8668,33934.1292,1970
8668,,,,,,,,8669,34270.41263,1970
8669,,,,,,,,8670,35225.04259,1970
8670,,,,,,,,8671,36787.8707,1970
8671,,,,,,,,8672,38157.54787,1970
8672,,,,,,,,8673,39335.49367,1970
8673,,,,,,,,8674,40977.28829,1970
8674,,,,,,,,8675,42583.4413,1970
8675,,,,,,,,8676,43826.6323,1970
8676,,,,,,,,8677,44611.71297,1970
8677,,,,,,,,8678,45522.49305,1970
8678,,,,,,,,8679,45921.41618,1970
8679,,,,,,,,8680,45967.95855,1970
8680,,,,,,,,8681,45428.64352,1970
8681,,,,,,,,8682,44992.60361,1970
8682,,,,,,,,8683,45633.96412,1970
8683,,,,,,,,8684,44593.69005,1970
8684,,,,,,,,8685,43301.54062,1970
8685,,,,,,,,8686,41811.53927,1970
8686,,,,,,,,8687,39926.10991,1970
8687,,,,,,,,8688,37596.93457,1970
8688,,,,,,,,8689,35767.98109,1970
8689,,,,,,,,8690,34537.17328,1970
8690,,,,,,,,8691,33888.33588,1970
8691,,,,,,,,8692,33572.73167,1970
8692,,,,,,,,8693,33860.00591,1970
8693,,,,,,,,8694,34993.23109,1970
8694,,,,,,,,8695,36758.73468,1970
8695,,,,,,,,8696,38199.05186,1970
8696,,,,,,,,8697,39266.38357,1970
8697,,,,,,,,8698,40641.83864,1970
8698,,,,,,,,8699,42090.21775,1970
8699,,,,,,,,8700,43166.35473,1970
8700,,,,,,,,8701,44116.58399,1970
8701,,,,,,,,8702,45347.41287,1970
8702,,,,,,,,8703,46309.21238,1970
8703,,,,,,,,8704,46740.11671,1970
8704,,,,,,,,8705,46379.99852,1970
8705,,,,,,,,8706,45826.35634,1970
8706,,,,,,,,8707,46008.47702,1970
8707,,,,,,,,8708,44737.04693,1970
8708,,,,,,,,8709,43405.17917,1970
8709,,,,,,,,8710,41884.5538,1970
8710,,,,,,,,8711,39806.04114,1970
8711,,,,,,,,8712,37605.04294,1970
8712,,,,,,,,8713,35671.24257,1970
8713,,,,,,,,8714,34412.97819,1970
8714,,,,,,,,8715,33580.05558,1970
8715,,,,,,,,8716,33227.15399,1970
8716,,,,,,,,8717,33451.74123,1970
8717,,,,,,,,8718,34532.52961,1970
8718,,,,,,,,8719,36256.2137,1970
8719,,,,,,,,8720,37731.88538,1970
8720,,,,,,,,8721,38813.47307,1970
8721,,,,,,,,8722,39910.10043,1970
8722,,,,,,,,8723,40975.23286,1970
8723,,,,,,,,8724,41959.7038,1970
8724,,,,,,,,8725,43129.71562,1970
8725,,,,,,,,8726,44387.53747,1970
8726,,,,,,,,8727,45230.80683,1970
8727,,,,,,,,8728,45552.23398,1970
8728,,,,,,,,8729,45137.51228,1970
8729,,,,,,,,8730,44860.14507,1970
8730,,,,,,,,8731,45266.98361,1970
8731,,,,,,,,8732,44320.99536,1970
8732,,,,,,,,8733,43180.02865,1970
8733,,,,,,,,8734,42006.24831,1970
8734,,,,,,,,8735,40378.00649,1970
8735,,,,,,,,8736,38401.39246,1970
8736,,,,,,,,8737,36610.0932,1970
8737,,,,,,,,8738,35391.83855,1970
8738,,,,,,,,8739,34538.9604,1970
8739,,,,,,,,8740,34053.51085,1970
8740,,,,,,,,8741,34099.7479,1970
8741,,,,,,,,8742,34668.96207,1970
8742,,,,,,,,8743,35657.8995,1970
8743,,,,,,,,8744,36523.01904,1970
8744,,,,,,,,8745,37769.84563,1970
8745,,,,,,,,8746,39600.84599,1970
8746,,,,,,,,8747,41226.38641,1970
8747,,,,,,,,8748,42542.71951,1970
8748,,,,,,,,8749,43560.48824,1970
8749,,,,,,,,8750,44243.42186,1970
8750,,,,,,,,8751,44949.83311,1970
8751,,,,,,,,8752,45279.26707,1970
8752,,,,,,,,8753,45333.90638,1970
8753,,,,,,,,8754,45876.00735,1970
8754,,,,,,,,8755,46375.53755,1970
8755,,,,,,,,8756,44989.10094,1970
8756,,,,,,,,8757,43363.94222,1970
8757,,,,,,,,8758,42005.62169,1970
8758,,,,,,,,8759,40698.23727,1970
